mid,type,asw,paperid,user,pixrad,nmodels,z_lens_used,z_src_used,m<R,glsv,lmtv,pxscale,z_lens_real,z_src_real,corrected_mass
000291,old,ASW00051ld,SW34,jasonjason,7,200,0.5,1.0,1.29825087841e+12,,,,0.5,1.7,875847712668.0
000474,old,ASW0002dx7,SW20,jasonjason,8,200,0.5,1.0,3.59941047697e+12,,,,0.3,2.0,1.4625271446e+12
000896,old,ASW0002k40,SW44,Capella05,8,200,0.5,1.0,1.15513913643e+13,,,,0.4,1.3,6.22043413316e+12
000899,old,ASW0002k40,SW44,Capella05,8,200,0.5,1.0,1.16786019471e+13,,,,0.4,1.3,6.28893714082e+12
001447,old,ASW0004dv8,SW01,jasonjason,8,200,0.36,1.03,4.29945716068e+12,,,,0.0,3.0,0
001750,old,ASW00024id,SW45,Tom Collett,8,200,0.5,1.0,4.58777758475e+12,,,,0.8,1.3,5.24247418204e+12
001774,old,ASW00024id,SW45,jasonjason,12,200,0.5,1.0,3.18236242911e+12,,,,0.8,1.3,3.63649993146e+12
002026,old,ASW00024id,SW45,psaha,8,200,0.5,1.0,4.49496750541e+12,,,,0.8,1.3,5.13641968489e+12
002030,old,ASW00024id,SW45,psaha,8,200,0.5,1.0,4.87454983167e+12,,,,0.8,1.3,5.57017012475e+12
002125,old,ASW0004iye,SW32,jasonjason,11,200,0.5,1.0,4.72952665977e+12,,,,0.0,1.7,0
002131,old,ASW0004iye,SW32,jasonjason,9,200,0.5,1.0,3.95426414514e+12,,,,0.0,1.7,0
002132,old,ASW0004iye,SW32,jasonjason,9,200,0.5,1.0,4.04567897174e+12,,,,0.0,1.7,0
002133,old,ASW00024id,SW45,Budgieye,8,200,0.5,1.0,4.37873292528e+12,,,,0.8,1.3,5.00359790481e+12
002141,old,ASW0004iye,SW32,jasonjason,9,200,0.5,1.0,2.87449991448e+12,,,,0.0,1.7,0
002142,old,ASW0004iye,SW32,jasonjason,9,200,0.5,1.0,2.71190147854e+12,,,,0.0,1.7,0
002248,old,ASW0002asp,SW09,Capella05,8,200,0.5,1.0,1.20923015088e+12,,,,1.0,2.3,1.88049339669e+12
002360,old,ASW0004iye,SW32,psaha,8,200,0.5,1.0,6.73908171935e+12,,,,0.0,1.7,0
002421,old,ASW0002asp,SW09,jon273,8,200,0.5,1.0,2.68390221276e+12,,,,1.0,2.3,4.17377980924e+12
002478,old,ASW0003r61,SW23,Capella05,8,200,0.5,1.0,4.30709444994e+12,,,,0.6,2.0,3.5235238405e+12
002481,old,ASW0003r61,SW23,jon273,8,200,0.5,1.0,4.43996035653e+12,,,,0.6,2.0,3.63221804141e+12
003972,old,ASW0002asp,SW09,psaha,12,200,0.5,1.0,2.06208640291e+12,,,,1.0,2.3,3.20678397016e+12
004506,old,ASW0004dv8,SW01,c_cld,8,200,0.5,1.0,1.01197645023e+13,2,0.0.0,,0.0,3.0,0
004516,old,ASW0004dv8,SW01,Capella05,8,200,0.5,1.0,6.68534730673e+12,2,0.0.0,,0.0,3.0,0
004531,old,ASW0004dv8,SW01,c_cld,10,200,0.2,0.7,2.69531228497e+12,2,0.0.0,,0.0,3.0,0
004535,old,ASW0004dv8,SW01,c_cld,11,200,0.2,0.68,2.4645206867e+12,2,0.0.0,,0.0,3.0,0
004536,old,ASW0004dv8,SW01,c_cld,11,200,0.2,0.68,2.47296348972e+12,2,0.0.0,,0.0,3.0,0
004538,old,ASW0004dv8,SW01,c_cld,9,200,0.2,0.7,3.13937909761e+12,2,0.0.0,,0.0,3.0,0
004539,old,ASW0004dv8,SW01,c_cld,9,200,0.2,0.7,3.1677106063e+12,2,0.0.0,,0.0,3.0,0
004543,old,ASW0004dv8,SW01,c_cld,9,200,0.2,0.6,3.33136168721e+12,2,0.0.0,,0.0,3.0,0
004544,old,ASW0004dv8,SW01,Budgieye,8,200,0.5,1.0,6.96947837227e+12,2,0.0.0,,0.0,3.0,0
004550,old,ASW0004dv8,SW01,Budgieye,8,200,0.2,2.0,1.87842812235e+12,2,0.0.0,,0.0,3.0,0
004552,old,ASW0004dv8,SW01,Budgieye,8,200,0.5,1.0,5.49781553753e+12,2,0.0.0,,0.0,3.0,0
004553,old,ASW0004dv8,SW01,Budgieye,8,200,0.2,1.0,1.71435385921e+12,2,0.0.0,,0.0,3.0,0
004554,old,ASW0004dv8,SW01,Budgieye,8,200,0.5,1.0,5.6036259606e+12,2,0.0.0,,0.0,3.0,0
004560,old,ASW0004dv8,SW01,ElisabethB,8,200,0.5,1.0,5.61343765943e+12,2,0.0.0,,0.0,3.0,0
004568,old,ASW0004dv8,SW01,Capella05,8,200,0.5,1.0,7.08059660374e+12,2,0.0.0,,0.0,3.0,0
004570,old,ASW0004dv8,SW01,ElisabethB,8,200,0.5,1.0,5.57848249386e+12,2,0.0.0,,0.0,3.0,0
004571,old,ASW0004dv8,SW01,Budgieye,8,200,0.2,1.0,1.73796480748e+12,2,0.0.0,,0.0,3.0,0
004585,old,ASW0004dv8,SW01,Budgieye,8,200,0.5,1.0,5.62921653945e+12,2,0.0.0,,0.0,3.0,0
004617,old,ASW0004dv8,SW01,Budgieye,8,200,0.5,1.0,5.60787075777e+12,2,0.0.0,,0.0,3.0,0
004625,old,ASW0004dv8,SW01,Budgieye,8,200,0.5,1.0,6.68215162583e+12,2,0.0.0,,0.0,3.0,0
004628,old,ASW0004dv8,SW01,c_cld,9,200,0.25,0.65,2.93705296432e+12,2,0.0.0,,0.0,3.0,0
004648,old,ASW0004dv8,SW01,Capella05,9,200,0.5,1.0,6.1208175771e+12,2,0.0.0,,0.0,3.0,0
004681,old,ASW0004dv8,SW01,ElisabethB,8,200,0.5,1.0,7.86512547582e+12,2,0.0.0,,0.0,3.0,0
004686,old,ASW0004dv8,SW01,Capella05,8,200,0.5,1.0,6.51419513241e+12,2,0.0.0,,0.0,3.0,0
004705,old,ASW0004dv8,SW01,c_cld,11,200,0.25,0.65,2.65082700402e+12,2,0.0.0,,0.0,3.0,0
004711,old,ASW0004dv8,SW01,ElisabethB,8,200,0.5,1.0,5.66827054155e+12,2,0.0.0,,0.0,3.0,0
004713,old,ASW0004dv8,SW01,c_cld,11,200,0.25,0.65,2.6560917215e+12,2,0.0.0,,0.0,3.0,0
004737,old,ASW0004dv8,SW01,Capella05,8,200,0.5,1.0,5.69738458149e+12,2,0.0.0,,0.0,3.0,0
004741,old,ASW0004dv8,SW01,c_cld,11,200,0.25,0.65,2.66216779971e+12,2,0.0.0,,0.0,3.0,0
004755,old,ASW0004dv8,SW01,c_cld,11,200,0.25,0.65,2.6666162767e+12,2,0.0.0,,0.0,3.0,0
004758,old,ASW0004dv8,SW01,ElisabethB,8,200,0.5,1.0,6.39011505258e+12,2,0.0.0,,0.0,3.0,0
004809,old,ASW0004dv8,SW01,Budgieye,8,200,0.5,1.0,6.41120540999e+12,2,0.0.0,,0.0,3.0,0
004827,old,ASW0004dv8,SW01,ElisabethB,8,200,0.5,1.0,6.4363363468e+12,2,0.0.0,,0.0,3.0,0
004836,old,ASW0004dv8,SW01,Budgieye,8,200,0.5,1.0,6.47370306649e+12,2,0.0.0,,0.0,3.0,0
004849,old,ASW0004dv8,SW01,c_cld,8,200,0.24,1.1,3.35721333284e+12,2,0.0.0,,0.0,3.0,0
004850,old,ASW0004dv8,SW01,Khalila RedBird,8,200,0.5,1.0,7.00923263478e+12,2,0.0.0,,0.0,3.0,0
004853,old,ASW0004dv8,SW01,Khalila RedBird,8,200,0.5,1.0,6.83571292271e+12,2,0.0.0,,0.0,3.0,0
004865,old,ASW0004dv8,SW01,ElisabethB,8,200,0.1,1.0,1.27957412617e+12,2,0.0.0,,0.0,3.0,0
004870,old,ASW0004dv8,SW01,c_cld,11,200,0.3,1.4,2.40140788829e+12,2,0.0.0,,0.0,3.0,0
004871,old,ASW0004dv8,SW01,c_cld,11,200,0.5,1.0,5.49057486381e+12,2,0.0.0,,0.0,3.0,0
004879,old,ASW0004dv8,SW01,c_cld,9,200,0.3,1.2,3.15696015697e+12,2,0.0.0,,0.0,3.0,0
004902,old,ASW0004dv8,SW01,c_cld,11,200,0.5,1.0,5.43054307813e+12,2,0.0.0,,0.0,3.0,0
004916,old,ASW0004dv8,SW01,c_cld,10,200,0.3,0.84,3.10047078568e+12,2,0.0.0,,0.0,3.0,0
004965,old,ASW0004dv8,SW01,c_cld,11,200,0.32,2.0,2.35532345744e+12,2,0.0.0,,0.0,3.0,0
004979,old,ASW0004dv8,SW01,c_cld,11,200,0.32,2.0,2.35111873999e+12,2,0.0.0,,0.0,3.0,0
005068,old,ASW0006e0o,SW51,c_cld,8,200,0.5,1.0,0.0,2,0.0.0,,0.0,1.3,0
005075,old,ASW0006e0o,SW51,c_cld,8,200,0.2,0.8,2.34196071831e+12,2,0.0.0,,0.0,1.3,0
005088,old,ASW0006e0o,SW51,c_cld,10,200,0.3,0.5,4.7719968883e+12,2,0.0.0,,0.0,1.3,0
005130,old,ASW0004dv8,SW01,KhalilaRedBird,8,200,0.5,1.0,6.59096135517e+12,2,0.0.0,,0.0,3.0,0
005237,old,ASW0004dv8,SW01,Capella05,8,200,0.5,1.0,7.42006215089e+12,2,0.0.0,,0.0,3.0,0
005310,old,ASW0004dv8,SW01,c_cld,12,200,0.3,2.0,2.04403579201e+12,2,0.0.0,,0.0,3.0,0
005505,old,ASW0004dv8,SW01,ElisabethB,12,200,0.5,1.0,6.62966097264e+12,2,0.0.0,,0.0,3.0,0
005515,old,ASW0004dv8,SW01,ElisabethB,12,200,0.5,1.0,6.15972939132e+12,2,0.0.0,,0.0,3.0,0
005520,old,ASW0004dv8,SW01,ElisabethB,12,200,0.5,1.0,6.28254563397e+12,2,0.0.0,,0.0,3.0,0
005523,old,ASW0004dv8,SW01,ElisabethB,12,200,0.5,1.0,8.14621856464e+12,2,0.0.0,,0.0,3.0,0
005527,old,ASW0004dv8,SW01,ElisabethB,12,200,0.5,1.0,5.98327021639e+12,2,0.0.0,,0.0,3.0,0
005529,old,ASW0004dv8,SW01,ElisabethB,12,200,0.5,1.0,6.4483978321e+12,2,0.0.0,,0.0,3.0,0
005593,old,ASW0004dv8,SW01,Capella05,12,200,0.5,1.0,4.55788863917e+12,2,0.0.0,,0.0,3.0,0
005594,old,ASW0004dv8,SW01,Capella05,12,200,0.5,1.0,4.44812258752e+12,2,0.0.0,,0.0,3.0,0
005653,old,ASW0004dv8,SW01,ElisabethB,12,200,0.5,1.0,7.82179545687e+12,2,0.0.0,,0.0,3.0,0
005811,old,ASW0004dv8,SW01,c_cld,12,200,0.36,1.1,2.61319820997e+12,2,0.0.0,,0.0,3.0,0
006437,old,ASW0006a07,SW52,c_cld,12,200,0.38,0.76,1.12607715557e+12,2,0.0.0,,0.0,1.3,0
006479,old,ASW0004dv8,SW01,ElisabethB,12,200,0.5,1.0,3.54334921983e+12,2,0.0.0,,0.0,3.0,0
006691,old,ASW0004dv8,SW01,jasonjason,8,200,0.5,1.0,7.54555161713e+12,2,0.0.0,,0.0,3.0,0
006694,old,ASW0004dv8,SW01,jasonjason,11,200,0.5,1.0,4.01202782398e+12,2,0.0.0,,0.0,3.0,0
006696,old,ASW0004dv8,SW01,jasonjason,11,200,0.5,1.0,4.13566694757e+12,2,0.0.0,,0.0,3.0,0
006709,old,ASW0004iye,SW32,c_cld,12,200,0.3,0.9,1.54286440786e+12,2,0.0.0,,0.0,1.7,0
006767,old,ASW00047ae,SW13,c_cld,8,200,0.5,1.0,1.70961013666e+12,2,0.0.0,,0.4,2.3,920626521348.0
006771,old,ASW00047ae,SW13,c_cld,8,200,0.5,1.0,1.83676247679e+12,2,0.0.0,,0.4,2.3,989098165302.0
006784,old,ASW00047ae,SW13,c_cld,10,200,0.5,0.9,2.45423636867e+12,2,0.0.0,,0.4,2.3,1.17701116697e+12
006789,old,ASW00047ae,SW13,c_cld,11,200,0.5,0.9,1.94757561229e+12,2,0.0.0,,0.4,2.3,934025048867.0
006790,old,ASW00047ae,SW13,c_cld,12,200,0.5,0.9,1.77744570717e+12,2,0.0.0,,0.4,2.3,852433560482.0
006792,old,ASW00047ae,SW13,c_cld,11,200,0.5,0.9,1.91744914082e+12,2,0.0.0,,0.4,2.3,919576891472.0
007040,old,ASW0004dv8,SW01,c_cld,12,300,0.25,0.7,1.62087465842e+12,2,0.0.0,,0.0,3.0,0
007081,old,ASW0004dv8,SW01,Budgieye,12,200,0.5,1.0,4.33817661254e+12,2,0.0.0,,0.0,3.0,0
007084,old,ASW0004dv8,SW01,Budgieye,8,200,0.5,1.0,2.65559886107e+13,2,0.0.0,,0.0,3.0,0
007118,old,ASW0004dv8,SW01,c_cld,12,400,0.28,2.0,1.34216934204e+12,2,0.0.0,,0.0,3.0,0
007185,old,ASW0004dv8,SW01,c_cld,8,200,0.5,1.0,956367801094.0,2,0.0.0,,0.0,3.0,0
007189,old,ASW0004dv8,SW01,test,8,200,0.3,2.0,2.77887720189e+12,2,0.0.0,,0.0,3.0,0
007193,old,ASW0004dv8,SW01,c_cld,12,300,0.4,1.0,5.58186791649e+12,2,0.0.0,,0.0,3.0,0
007195,old,ASW0004dv8,SW01,c_cld,9,300,0.4,1.0,7.54986421228e+12,2,0.0.0,,0.0,3.0,0
007200,old,ASW0004dv8,SW01,c_cld,12,300,0.4,1.0,5.53697210388e+12,2,0.0.0,,0.0,3.0,0
007202,old,ASW0004dv8,SW01,c_cld,12,300,0.4,1.8,4.28431716691e+12,2,0.0.0,,0.0,3.0,0
007242,old,ASW0004dv8,SW01,c_cld,12,300,0.4,1.1,5.21607190342e+12,3,1.6.1,0.16456,0.0,3.0,0
007258,old,ASW0004dv8,SW01,c_cld,12,300,0.4,1.1,5.24356412503e+12,3,1.6.1,0.16456,0.0,3.0,0
007261,old,ASW0004dv8,SW01,jasonjason,12,300,0.5,1.0,4.31206315685e+12,3,1.6.1,0.16456,0.0,3.0,0
007334,old,ASW0004dv8,SW01,psaha,12,300,0.5,1.0,4.82772335403e+12,3,1.6.1,0.16456,0.0,3.0,0
007335,old,ASW0004dv8,SW01,Capella05,12,200,0.5,1.0,4.3442011161e+12,3,1.6.1,0.16456,0.0,3.0,0
007350,old,ASW0004dv8,SW01,Capella05,12,200,0.5,1.0,3.76190649965e+12,3,1.6.1,0.16456,0.0,3.0,0
007403,old,ASW0004dv8,SW01,c_cld,12,300,0.5,1.0,7.95579353779e+12,3,1.6.1,0.16456,0.0,3.0,0
007405,old,ASW0004dv8,SW01,c_cld,12,300,0.4,1.1,5.3569854725e+12,3,1.6.1,0.16456,0.0,3.0,0
007421,old,ASW0004dv8,SW01,Capella05,12,200,0.5,1.0,3.76396053852e+12,3,1.6.1,0.16456,0.0,3.0,0
007422,old,ASW0004dv8,SW01,Phil,12,300,0.5,1.0,5.04730287003e+12,3,1.6.1,0.16456,0.0,3.0,0
007432,old,ASW0004dv8,SW01,c_cld,12,300,0.4,0.7,4.98628142787e+12,3,1.6.1,0.16456,0.0,3.0,0
007459,old,ASW0004dv8,SW01,c_cld,12,300,0.4,0.7,5.09754023226e+12,3,1.6.1,0.16456,0.0,3.0,0
007479,old,ASW0004dv8,SW01,ElisabethB,12,300,0.5,1.0,5.10184496529e+12,3,1.6.1,0.16456,0.0,3.0,0
007820,old,ASW0004dv8,SW01,c_cld,12,300,0.5,1.0,5.15144621712e+12,3,1.6.1,0.16456,0.0,3.0,0
007957,old,ASW0007e08,SW07,c_cld,8,200,0.5,1.0,3.94206440322e+13,3,1.6.1,0.16456,0.0,2.7,0
007959,old,ASW0007e08,SW07,c_cld,12,200,0.5,1.2,2.68368034353e+13,3,1.6.1,0.16456,0.0,2.7,0
007961,old,ASW0007e08,SW07,c_cld,12,200,0.5,1.2,2.76858621231e+13,3,1.6.1,0.16456,0.0,2.7,0
007990,old,ASW0004dv8,SW01,c_cld,12,300,0.5,1.0,4.56581059692e+12,3,1.6.1,0.16456,0.0,3.0,0
007991,old,ASW0004dv8,SW01,c_cld,11,300,0.4,1.0,3.43430604339e+12,3,1.6.1,0.16456,0.0,3.0,0
007993,old,ASW0004dv8,SW01,c_cld,12,300,0.4,1.0,3.23373613889e+12,3,1.6.1,0.16456,0.0,3.0,0
008009,old,ASW0007e08,SW07,c_cld,12,200,0.48,0.8,3.73316485783e+13,3,1.6.1,0.16456,0.0,2.7,0
008048,old,ASW00024id,SW45,c_cld,12,200,0.5,1.0,3.15204428333e+12,3,1.6.1,0.16456,0.8,1.3,3.60185524925e+12
008057,old,ASW00024id,SW45,c_cld,11,200,0.5,1.0,3.22543355191e+12,3,1.6.1,0.16456,0.8,1.3,3.68571749816e+12
008058,old,ASW00024id,SW45,c_cld,12,200,0.5,1.0,2.91491570994e+12,3,1.6.1,0.16456,0.8,1.3,3.33088735665e+12
008059,old,ASW00024id,SW45,c_cld,12,200,0.5,1.0,2.89812704248e+12,3,1.6.1,0.16456,0.8,1.3,3.31170287046e+12
008425,old,ASW0004dv8,SW01,ElisabethB,8,200,0.5,1.0,5.312224817e+12,4,1.6.3,0.16456,0.0,3.0,0
008879,old,ASW0007t5y,SW55,c_cld,10,200,0.5,1.0,1.28093934472e+12,4,1.6.3,0.16456,0.0,1.3,0
008881,old,ASW0007t5y,SW55,c_cld,12,200,0.5,1.0,1.50335553646e+12,4,1.6.3,0.16456,0.0,1.3,0
008884,old,ASW0007k4r,SW05,c_cld,12,200,0.5,1.0,1.33741415053e+13,4,1.6.3,0.16456,0.6,2.7,1.09410431992e+13
008885,old,ASW0007k4r,SW05,c_cld,12,200,0.5,1.0,1.27268296206e+13,4,1.6.3,0.16456,0.6,2.7,1.04114938977e+13
008886,old,ASW0007t5y,SW55,Phil,12,200,0.5,1.0,1.33516387763e+12,4,1.6.3,0.16456,0.0,1.3,0
008932,old,ASW0004dv8,SW01,psaha,12,300,0.5,1.0,5.22760106153e+12,4,1.6.3,0.16456,0.0,3.0,0
008933,old,ASW0007t5y,SW55,Capella05,12,200,0.5,1.0,1.2320826249e+12,4,1.6.3,0.16456,0.0,1.3,0
009373,old,ASW0004dv8,SW01,ElisabethB,8,200,0.5,1.0,7.74631264723e+12,4,1.6.3,0.16456,0.0,3.0,0
009381,old,ASW0004dv8,SW01,ElisabethB,8,200,0.5,1.0,7.47894372446e+12,4,1.6.3,0.16456,0.0,3.0,0
009934,old,ASW0004dv8,SW01,c_cld,12,300,0.5,1.0,5.22404407939e+12,4,1.6.3,0.16456,0.0,3.0,0
009935,old,ASW0004dv8,SW01,c_cld,12,300,0.5,1.0,5.24461229935e+12,4,1.6.3,0.16456,0.0,3.0,0
009951,old,ASW0004dv8,SW01,c_cld,12,300,0.5,1.0,5.22895156936e+12,4,1.6.3,0.16456,0.0,3.0,0
009964,old,ASW0004dv8,SW01,Phil,8,200,0.5,1.0,6.98474498579e+12,4,1.6.3,0.16456,0.0,3.0,0
010004,old,ASW0004dv8,SW01,ElisabethB,8,200,0.5,1.0,7.55998803107e+12,4,1.6.3,0.16456,0.0,3.0,0
011214,old,ASW0004dv8,SW01,Phil,8,200,0.5,1.0,7.26448387887e+12,4,1.6.3,0.16456,0.0,3.0,0
011332,old,ASW0009ab8,SW22,c_cld,11,200,0.5,1.0,2.27646839103e+12,4,1.6.3,0.16456,0.4,2.0,1.22588017633e+12
011333,old,ASW0009ab8,SW22,c_cld,12,200,0.5,1.0,2.119370054e+12,4,1.6.3,0.16456,0.4,2.0,1.14128258743e+12
011334,old,ASW0009ab8,SW22,c_cld,12,200,0.5,1.0,2.21757620081e+12,4,1.6.3,0.16456,0.4,2.0,1.19416668151e+12
011363,old,ASW0004dv8,SW01,Capella05,8,200,0.5,1.0,5.95429875364e+12,4,1.6.3,0.16456,0.0,3.0,0
011364,old,ASW0004dv8,SW01,Capella05,8,200,0.5,1.0,5.96464583514e+12,4,1.6.3,0.16456,0.0,3.0,0
011365,old,ASW0004dv8,SW01,Capella05,8,200,0.5,1.0,6.97061988723e+12,4,1.6.3,0.16456,0.0,3.0,0
011366,old,ASW0004dv8,SW01,Capella05,8,200,0.5,1.0,7.18704207207e+12,4,1.6.3,0.16456,0.0,3.0,0
011367,old,ASW0004dv8,SW01,Capella05,12,200,0.5,1.0,4.38427349179e+12,4,1.6.3,0.16456,0.0,3.0,0
011368,old,ASW0004dv8,SW01,Capella05,12,200,0.5,1.0,4.38622946175e+12,4,1.6.3,0.16456,0.0,3.0,0
011369,old,ASW0004dv8,SW01,Capella05,12,300,0.5,1.0,7.86910128266e+12,4,1.6.3,0.16456,0.0,3.0,0
011370,old,ASW0004dv8,SW01,Capella05,12,200,0.5,1.0,3.78152350174e+12,4,1.6.3,0.16456,0.0,3.0,0
011371,old,ASW0004dv8,SW01,Capella05,12,300,0.5,1.0,5.03225946547e+12,4,1.6.3,0.16456,0.0,3.0,0
011372,old,ASW0004dv8,SW01,Capella05,12,200,0.5,1.0,3.65161323539e+12,4,1.6.3,0.16456,0.0,3.0,0
011373,old,ASW0004dv8,SW01,Capella05,12,300,0.5,1.0,5.24071042828e+12,4,1.6.3,0.16456,0.0,3.0,0
011374,old,ASW0004dv8,SW01,Capella05,12,300,0.5,1.0,7.96456502843e+12,4,1.6.3,0.16456,0.0,3.0,0
011375,old,ASW0004dv8,SW01,rafik,8,200,0.5,1.0,5.94025386416e+12,4,1.6.3,0.16456,0.0,3.0,0
011416,old,ASW000619d,SW02,c_cld,11,200,0.5,1.0,1.18017000603e+12,4,1.6.3,0.16456,0.7,2.7,1.14781023571e+12
011418,old,ASW000619d,SW02,c_cld,12,200,0.5,1.0,1.1908654928e+12,4,1.6.3,0.16456,0.7,2.7,1.15821245667e+12
011419,old,ASW000619d,SW02,c_cld,12,200,0.5,1.0,1.26875897312e+12,4,1.6.3,0.16456,0.7,2.7,1.23397013019e+12
011421,old,ASW000619d,SW02,c_cld,12,200,0.5,1.0,1.3227662191e+12,4,1.6.3,0.16456,0.7,2.7,1.28649651997e+12
011486,old,ASW000619d,SW02,Phil,12,200,0.5,1.0,1.56371086674e+12,4,1.6.3,0.16456,0.7,2.7,1.52083456566e+12
011489,old,ASW000619d,SW02,psaha,8,200,0.5,1.0,2.65200489988e+12,4,1.6.3,0.16456,0.7,2.7,2.57928802941e+12
011707,old,ASW0008swn,SW06,c_cld,12,200,0.5,1.0,1.08533538889e+12,4,1.6.3,0.16456,0.5,2.7,732207105452.0
011717,old,ASW00096rm,SW42,c_cld,12,200,0.5,1.0,618972093436.0,4,1.6.3,0.16456,0.1,1.7,87131475116.8
011763,old,ASW0009cjs,SW04,c_cld,12,200,0.5,1.0,9.16944309923e+12,4,1.6.3,0.16456,0.5,2.7,6.1860430048e+12
012298,old,ASW0009ab8,SW22,c_cld,12,200,0.31,1.2,1.06354507888e+12,4,1.6.3,0.16456,0.4,2.0,1.20559270871e+12
012359,old,ASW0004dv8,SW01,Phil,9,200,0.5,1.0,8.45159184302e+12,4,1.6.3,0.16456,0.0,3.0,0
012372,old,ASW0008swn,SW06,c_cld,11,200,0.5,1.0,1.57405549576e+12,4,1.6.3,0.16456,0.5,2.7,1.06191563472e+12
012373,old,ASW0008swn,SW06,c_cld,12,200,0.5,1.0,1.47884358754e+12,4,1.6.3,0.16456,0.5,2.7,997682185373.0
012400,old,ASW0007k4r,SW05,c_cld,11,200,0.5,1.0,1.46294666877e+13,4,1.6.3,0.16456,0.6,2.7,1.19679926334e+13
012401,old,ASW0007k4r,SW05,c_cld,12,200,0.5,1.0,1.37138128853e+13,4,1.6.3,0.16456,0.6,2.7,1.12189196702e+13
012402,old,ASW0007k4r,SW05,c_cld,12,200,0.5,1.0,1.39080770463e+13,4,1.6.3,0.16456,0.6,2.7,1.13778422131e+13
012522,old,ASW00024q6,SW46,c_cld,11,200,0.5,1.0,968421890677.0,4,1.6.3,0.16456,0.5,1.3,653332966647.0
012523,old,ASW00024q6,SW46,c_cld,12,200,0.5,1.0,890849369292.0,4,1.6.3,0.16456,0.5,1.3,600999695359.0
012553,old,ASW00047ae,SW13,c_cld,10,200,0.5,1.0,1.29533027216e+12,4,1.6.3,0.16456,0.4,2.3,697536459854.0
012554,old,ASW00047ae,SW13,c_cld,12,200,0.5,1.0,1.09966729164e+12,4,1.6.3,0.16456,0.4,2.3,592171777435.0
012694,old,ASW0007k4r,SW05,c_cld,12,200,0.62,1.55,1.33389437047e+13,4,1.6.3,0.16456,0.6,2.7,1.12423112852e+13
012711,old,ASW0003wsu,SW12,c_cld,10,200,0.5,1.0,664915943553.0,4,1.6.3,0.16456,0.4,2.3,358057804511.0
012712,old,ASW0003wsu,SW12,c_cld,12,200,0.5,1.0,559223511226.0,4,1.6.3,0.16456,0.4,2.3,301142339271.0
012736,old,ASW0008swn,SW06,c_cld,7,200,0.5,1.0,1.11999259447e+12,4,1.6.3,0.16456,0.5,2.7,755588128906.0
012737,old,ASW0008swn,SW06,c_cld,10,200,0.5,1.0,697172281216.0,4,1.6.3,0.16456,0.5,2.7,470338020171.0
012738,old,ASW0008swn,SW06,c_cld,12,200,0.5,1.0,609890005646.0,4,1.6.3,0.16456,0.5,2.7,411454192179.0
012766,old,ASW0007k4r,SW05,c_cld,12,200,0.62,1.55,1.26419184939e+13,4,1.6.3,0.16456,0.6,2.7,1.06548453983e+13
012768,old,ASW0007k4r,SW05,c_cld,12,200,0.62,1.55,1.25791179615e+13,4,1.6.3,0.16456,0.6,2.7,1.06019159348e+13
012769,old,ASW0007k4r,SW05,c_cld,12,200,0.5,1.0,1.30048708155e+13,4,1.6.3,0.16456,0.6,2.7,1.06389522899e+13
012770,old,ASW0007k4r,SW05,c_cld,12,200,0.5,1.0,1.31618109451e+13,4,1.6.3,0.16456,0.6,2.7,1.07673409971e+13
012771,old,ASW0007k4r,SW05,c_cld,12,200,0.62,1.55,1.2732666362e+13,4,1.6.3,0.16456,0.6,2.7,1.07313293992e+13
013029,old,ASW0002asp,SW09,c_cld,12,200,0.5,1.0,1.68907861072e+12,4,1.6.3,0.16456,1.0,2.3,2.62671350995e+12
013053,old,ASW0006e0o,SW51,c_cld,8,200,0.5,1.0,6.62306726546e+12,4,1.6.3,0.16456,0.0,1.3,0
013055,old,ASW0006e0o,SW51,c_cld,10,200,0.5,1.0,4.66054617896e+12,4,1.6.3,0.16456,0.0,1.3,0
013056,old,ASW0006e0o,SW51,c_cld,12,200,0.5,1.0,3.85616991291e+12,4,1.6.3,0.16456,0.0,1.3,0
013160,old,ASW0002dx7,SW20,c_cld,12,200,0.5,1.0,1.97819963914e+12,4,1.6.3,0.16456,0.3,2.0,803790145139.0
013164,old,ASW0002dx7,SW20,c_cld,12,200,0.5,1.0,1.98054079277e+12,4,1.6.3,0.16456,0.3,2.0,804741412229.0
013165,old,ASW0002dx7,SW20,c_cld,12,200,0.5,1.0,1.84481644542e+12,4,1.6.3,0.16456,0.3,2.0,749593341884.0
013175,old,ASW0002dx7,SW20,c_cld,12,200,0.3,1.5,865803057300.0,4,1.6.3,0.16456,0.3,2.0,817443566809.0
013178,old,ASW0002dx7,SW20,c_cld,12,200,0.3,1.5,939519577806.0,4,1.6.3,0.16456,0.3,2.0,887042645892.0
013185,old,ASW0002dx7,SW20,c_cld,12,200,0.3,2.0,845983728997.0,4,1.6.3,0.16456,0.3,2.0,845983728997.0
013195,old,ASW0002dx7,SW20,c_cld,12,200,0.2,0.9,621259242126.0,4,1.6.3,0.16456,0.3,2.0,798836294544.0
013217,old,ASW0006jh5,SW27,c_cld,11,200,0.5,1.0,440534684700.0,4,1.6.3,0.16456,0.7,2.0,428455407015.0
013218,old,ASW0006jh5,SW27,c_cld,12,200,0.5,1.0,407880969435.0,4,1.6.3,0.16456,0.7,2.0,396697043031.0
013248,old,ASW0001c3j,SW43,c_cld,9,200,0.5,1.0,2.40106331144e+12,4,1.6.3,0.16456,1.0,1.3,3.73393245192e+12
013251,old,ASW0001c3j,SW43,c_cld,11,200,0.5,1.0,1.905681855e+12,4,1.6.3,0.16456,1.0,1.3,2.96355672403e+12
013252,old,ASW0001c3j,SW43,c_cld,12,200,0.5,1.0,1.77097531637e+12,4,1.6.3,0.16456,1.0,1.3,2.7540724036e+12
013266,old,ASW0002qtn,SW11,c_cld,11,200,0.5,1.0,604412835633.0,4,1.6.3,0.16456,0.8,2.3,690665279117.0
013267,old,ASW0002qtn,SW11,c_cld,12,200,0.5,1.0,563534339734.0,4,1.6.3,0.16456,0.8,2.3,643953237089.0
013273,old,ASW0002dx7,SW20,c_cld,11,200,0.5,1.0,2.12332974326e+12,4,1.6.3,0.16456,0.3,2.0,862760000934.0
013274,old,ASW0002dx7,SW20,c_cld,12,200,0.5,1.0,1.98888264303e+12,4,1.6.3,0.16456,0.3,2.0,808130906846.0
013397,old,ASW0001ld7,SW19,c_cld,12,200,0.5,1.0,357868201663.0,4,1.6.3,0.16456,0.2,2.0,98372066173.8
013406,old,ASW00050sk,SW24,c_cld,11,200,0.5,1.0,679376534780.0,4,1.6.3,0.16456,0.7,2.0,660748312983.0
013410,old,ASW0004nan,SW15,c_cld,11,200,0.5,1.0,798408795761.0,4,1.6.3,0.16456,0.3,2.3,324412718073.0
013421,old,ASW0009bp2,SW16,c_cld,12,200,0.5,1.0,2.23321682592e+12,4,1.6.3,0.16456,0.4,2.3,1.20258917152e+12
013427,old,ASW0006jh5,SW27,c_cld,10,200,0.5,1.0,685751558894.0,4,1.6.3,0.16456,0.7,2.0,666948536589.0
013428,old,ASW0006jh5,SW27,c_cld,12,200,0.5,1.0,573034156547.0,4,1.6.3,0.16456,0.7,2.0,557321798496.0
013445,old,ASW0008wmr,SW40,psrk,8,200,0.5,1.0,1.68030116123e+12,4,1.6.3,0.16456,0.0,1.7,0
013448,old,ASW0008wmr,SW40,psrk,8,200,0.5,1.0,1.69122357814e+12,4,1.6.3,0.16456,0.0,1.7,0
013557,old,ASW00024id,SW45,c_cld,10,200,0.5,1.0,3.92430328011e+12,4,1.6.3,0.16456,0.8,1.3,4.48431909534e+12
013560,old,ASW00024id,SW45,c_cld,11,200,0.5,1.0,3.80027260357e+12,4,1.6.3,0.16456,0.8,1.3,4.34258868066e+12
013561,old,ASW00024id,SW45,c_cld,11,200,0.5,1.0,3.57978568658e+12,4,1.6.3,0.16456,0.8,1.3,4.09063728406e+12
013562,old,ASW00024id,SW45,c_cld,11,200,0.5,1.0,3.64573266709e+12,4,1.6.3,0.16456,0.8,1.3,4.16599519675e+12
013589,old,ASW0006a07,SW52,c_cld,12,200,0.6,1.1,1.92556632682e+12,4,1.6.3,0.16456,0.0,1.3,0
013599,old,ASW00024id,SW45,c_cld,10,200,0.66,1.3,2.68652566145e+12,4,1.6.3,0.16456,0.8,1.3,2.50221457562e+12
013600,old,ASW00024id,SW45,c_cld,12,200,0.66,1.3,2.35964589189e+12,4,1.6.3,0.16456,0.8,1.3,2.19776063513e+12
013606,old,ASW00024id,SW45,c_cld,11,200,0.63,1.1,2.65741816156e+12,4,1.6.3,0.16456,0.8,1.3,2.2206895317e+12
013611,old,ASW00024id,SW45,c_cld,10,200,0.63,1.1,2.93629708291e+12,4,1.6.3,0.16456,0.8,1.3,2.45373659603e+12
013614,old,ASW00024id,SW45,c_cld,9,200,0.63,1.1,3.42138278615e+12,4,1.6.3,0.16456,0.8,1.3,2.85910175789e+12
013615,old,ASW00024id,SW45,c_cld,9,200,0.63,1.1,3.58907535558e+12,4,1.6.3,0.16456,0.8,1.3,2.99923519223e+12
