gls_ver,pixrad,asw,pixscale,swid,n_models,Mtot_ens_ave,mid,z_src_used,z_lens_used,created_on,Mtot_min,Mtot_min_z_corrected,user,Mtot_ens_ave_z_corrected,lmt_ver,z_lens_actual,type,Mtot_max,Mtot_max_z_corrected
4,12,ASW0009ab8,0.16456,SW22,200,1.06354507888e+12,12298,1.2,0.31,2014-01-20 09:57:36,1.01390033129e+12,1.149317383e+12,c_cld,1.20559270871e+12,1.6.3,0.4,old,1.10772704737e+12,1.25567564373e+12,
5,8,ASW0005rnb,0.16456,SW17,200,1.78754576771e+12,AJE7QIXXPA,1.0,0.5,2015-06-12 18:22:30,1.56934557038e+12,1.52631476807e+12,psaha,1.73853200682e+12,2.0.0,0.7,new,2.0125948662e+12,1.9574103527e+12,
5,10,ASW0007hu2,0.16456,SW18,200,1.34461067246e+12,D4UQI6M3ZU,1.0,0.5,2015-04-25 18:14:21,1.25162541924e+12,1.21730637123e+12,Capella05,1.30774200751e+12,2.0.0,0.7,new,1.44007447167e+12,1.40058822908e+12,
5,12,ASW00097xm,0.16456,----,200,808905177616.0,BWURZ5RWCG,0.8,0.19,2015-05-01 15:51:13,753803953869.0,753803953869.0,c_cld,808905177616.0,2.0.0,0.0,new,891631884976.0,891631884976.0,
5,8,ASW0008xbu,0.16456,SW41,200,1.06245506902e+12,BFXRMIQEAT,1.0,0.5,2015-04-25 13:31:35,942183206763.0,507366462982.0,ElisabethB,572132963714.0,2.0.0,0.4,new,1.19865823299e+12,645478484045.0,
5,12,ASW0009ab8,0.16456,SW22,200,2.21294771277e+12,TGM4U2TZBS,1.0,0.5,2015-07-15 14:11:12,2.04342050469e+12,1.10038369014e+12,L,1.19167423674e+12,2.0.0,0.4,new,2.39555382949e+12,1.29000778683e+12,
5,10,ASW00008a0,0.16456,SW50,200,4.76534540366e+12,5WB7AO4WUY,1.0,0.5,2015-04-25 17:20:27,4.32126320071e+12,0.0,Capella05,0.0,2.0.0,0.0,new,5.17993254053e+12,0.0,
5,10,ASW00097xm,0.16456,----,200,993991533557.0,KJQD6WG5JR,0.7,0.19,2015-05-01 15:27:20,906627037045.0,906627037045.0,c_cld,993991533557.0,2.0.0,0.0,new,1.10867856401e+12,1.10867856401e+12,
5,8,ASW0000101,0.16456,----,200,2.44222441823e+14,Y7546JICSR,1.0,0.5,2015-04-23 21:48:41,2.11154357431e+14,0.0,rk,0.0,2.0.0,0.0,new,2.84635094957e+14,0.0,
5,12,ASW0009c7u,0.16456,----,200,1.68507652335e+14,LRK72V4T74,1.0,0.61,2015-05-07 16:04:16,1.5233177146e+14,0.0,c_cld,0.0,2.0.0,0.0,new,1.82314948208e+14,0.0,
-1,11,ASW0004iye,0.0,SW32,200,4.72952665977e+12,2125,1.0,0.5,2013-06-27 03:18:48,4.40989170918e+12,0.0,jasonjason,0.0,,0.0,old,4.96922480413e+12,0.0,
-1,9,ASW0004iye,0.0,SW32,200,3.95426414514e+12,2131,1.0,0.5,2013-06-27 09:00:48,3.51423264858e+12,0.0,jasonjason,0.0,,0.0,old,4.31553115851e+12,0.0,
-1,9,ASW0004iye,0.0,SW32,200,4.04567897174e+12,2132,1.0,0.5,2013-06-27 09:17:43,3.67737638991e+12,0.0,jasonjason,0.0,,0.0,old,4.45876944364e+12,0.0,
-1,8,ASW00024id,0.0,SW45,200,4.37873292528e+12,2133,1.0,0.5,2013-06-27 09:19:05,3.86770387981e+12,4.4196427048e+12,Budgieye,5.00359790481e+12,,0.8,old,4.9668245398e+12,5.6756128508e+12,
5,12,ASW0006hn5,0.16456,----,200,1.69592014694e+12,CQOFN27HYZ,0.8,0.37,2015-04-27 16:50:00,1.54673706886e+12,1.54673706886e+12,c_cld,1.69592014694e+12,2.0.0,0.0,new,1.84984490218e+12,1.84984490218e+12,
-1,9,ASW0004iye,0.0,SW32,200,2.87449991448e+12,2141,1.0,0.5,2013-06-27 09:34:46,2.55487197462e+12,0.0,jasonjason,0.0,,0.0,old,3.31542654319e+12,0.0,
-1,9,ASW0004iye,0.0,SW32,200,2.71190147854e+12,2142,1.0,0.5,2013-06-27 09:41:08,2.40842551073e+12,0.0,jasonjason,0.0,,0.0,old,3.01072008741e+12,0.0,
5,12,ASW00099ed,0.16456,SW08,200,1.67654710122e+12,D3Z2LT7UEY,1.0,0.5,2015-05-11 13:45:18,1.55537444038e+12,1.77733340304e+12,c_cld,1.91579795026e+12,2.0.0,0.8,new,1.82555988836e+12,2.08607553564e+12,
5,12,ASW0002dx7,0.16456,SW20,200,2.39393868695e+12,3NYJG67KRT,1.0,0.5,2015-07-16 08:15:57,2.24758527962e+12,913248017222.0,L,972714930566.0,2.0.0,0.3,new,2.59514864057e+12,1.05447137952e+12,
4,11,ASW0007k4r,0.16456,SW05,200,1.46294666877e+13,12400,1.0,0.5,2014-04-24 15:50:14,1.3718880663e+13,1.12230654895e+13,c_cld,1.19679926334e+13,1.6.3,0.6,old,1.54134098535e+13,1.26093164925e+13,
4,12,ASW0007k4r,0.16456,SW05,200,1.37138128853e+13,12401,1.0,0.5,2014-04-24 15:53:43,1.30265937178e+13,1.06567232409e+13,c_cld,1.12189196702e+13,1.6.3,0.6,old,1.45294545268e+13,1.18861752417e+13,
4,12,ASW0007k4r,0.16456,SW05,200,1.39080770463e+13,12402,1.0,0.5,2014-04-24 16:00:01,1.29975915595e+13,1.06329973167e+13,c_cld,1.13778422131e+13,1.6.3,0.6,old,1.45414936792e+13,1.18960241644e+13,
5,8,ASW0000w54,0.01,----,200,7864030769.22,FKOCMDUEJH,1.0,0.5,2015-07-20 18:53:35,7018774668.93,0.0,L,0.0,2.0.0,0.0,new,8610757011.06,0.0,
5,12,ASW00099ed,0.16456,SW08,200,1.68892045422e+12,HISGRAIZL2,1.0,0.5,2015-05-11 13:56:38,1.57062575676e+12,1.7947611512e+12,c_cld,1.92993703666e+12,2.0.0,0.8,new,1.85180154256e+12,2.1160619925e+12,
5,11,ASW0005ire,0.16456,----,200,782459619266.0,UBPPUZHE52,1.1,0.44,2015-05-03 14:22:15,739248227739.0,739248227739.0,c_cld,782459619266.0,2.0.0,0.0,new,830555839767.0,830555839767.0,
-2,9,ASW0004dv8,0.0,SW01,300,7.54986421228e+12,7195,1.0,0.4,2013-08-24 09:22:39,6.88061417942e+12,0.0,c_cld,0.0,0.0.0,0.0,old,8.60549112436e+12,0.0,
5,8,ASW0007sez,0.16456,SW54,200,1.51453525426e+12,EFXNFHZ4I6,1.0,0.5,2015-04-25 07:54:51,1.33506724368e+12,900685384525.0,c_cld,1.0217610943e+12,2.0.0,0.5,new,1.69560225494e+12,1.1439155415e+12,
5,12,ASW0004q9e,0.16456,----,200,345332587317.0,JUVHB6F3Y4,1.0,0.5,2015-05-13 13:26:12,318518445114.0,0.0,c_cld,0.0,2.0.0,0.0,new,369968766417.0,0.0,
5,12,ASW0001hpf,0.16456,----,200,1.06394578754e+12,BLCAAUSI3K,1.0,0.5,2015-07-13 14:12:34,1.01031584402e+12,0.0,L,0.0,2.0.0,0.0,new,1.12560754184e+12,0.0,
5,12,ASW0002b6m,0.16456,----,200,1.56175843228e+12,HGPS5DSN25,1.0,0.5,2015-07-13 13:33:28,1.44512577876e+12,0.0,L,0.0,2.0.0,0.0,new,1.64876005506e+12,0.0,
-1,8,ASW0002asp,0.0,SW09,200,1.20923015088e+12,2248,1.0,0.5,2013-06-27 18:28:51,1.07639512521e+12,1.6739194964e+12,Capella05,1.88049339669e+12,,1.0,old,1.37934919748e+12,2.14504828193e+12,
5,12,ASW0001csb,0.16456,----,200,1.63815178531e+12,SHLVNHUZIY,0.9,0.29,2015-05-05 16:22:26,1.5208872671e+12,1.5208872671e+12,c_cld,1.63815178531e+12,2.0.0,0.0,new,1.77849998365e+12,1.77849998365e+12,
5,12,ASW0008qsm,0.16456,SW29,200,2.63511532395e+12,WJAKT56KO6,1.1,0.7,2015-04-26 14:41:55,2.40765181239e+12,1.60256911803e+12,c_cld,1.75397223921e+12,2.0.0,0.8,new,2.86744203996e+12,1.90861238213e+12,
5,12,ASW00057f5,0.16456,----,200,3.78035080649e+12,5ADKYZHUSF,1.0,0.5,2015-05-14 17:12:41,3.49258037554e+12,0.0,c_cld,0.0,2.0.0,0.0,new,4.0871248825e+12,0.0,
4,8,ASW0004dv8,0.16456,SW01,200,5.312224817e+12,8425,1.0,0.5,2013-09-06 20:29:50,4.72545285771e+12,0.0,ElisabethB,0.0,1.6.3,0.0,old,6.04786689686e+12,0.0,
4,11,ASW00024q6,0.16456,SW46,200,968421890677.0,12522,1.0,0.5,2014-04-29 17:43:31,886300588728.0,597930920965.0,c_cld,653332966647.0,1.6.3,0.5,old,1.04459566484e+12,704722591697.0,
4,12,ASW00024q6,0.16456,SW46,200,890849369292.0,12523,1.0,0.5,2014-04-29 17:46:59,824492439921.0,556232874265.0,c_cld,600999695359.0,1.6.3,0.5,old,975498561403.0,658107148565.0,
5,12,ASW00097xm,0.16456,----,200,761852091185.0,V2MZSHLMEA,0.7,0.19,2015-05-01 15:16:47,705467120604.0,705467120604.0,c_cld,761852091185.0,2.0.0,0.0,new,843540669256.0,843540669256.0,
5,12,ASW0008qab,0.16456,----,200,516892325911.0,ZP5QWWXGZ7,1.0,0.5,2015-07-21 21:15:31,478367269325.0,0.0,c_cld,0.0,2.0.0,0.0,new,555983989458.0,0.0,
5,11,ASW0005mp6,0.16456,----,200,1.16200525532e+12,ZNFGQ4BAV5,1.0,0.5,2015-04-24 16:46:04,1.05808593941e+12,0.0,c_cld,0.0,2.0.0,0.0,new,1.24317556164e+12,0.0,
5,12,ASW0005ire,0.16456,----,200,716006831720.0,EYJE7GOAL7,1.1,0.44,2015-05-03 14:29:31,669439479870.0,669439479870.0,c_cld,716006831720.0,2.0.0,0.0,new,774102285535.0,774102285535.0,
5,10,ASW0000g95,0.16456,SW48,200,2.27328118061e+12,XF5TQSXZDQ,1.0,0.5,2015-04-25 19:04:01,2.06308459686e+12,0.0,Capella05,0.0,2.0.0,0.0,new,2.49928890827e+12,0.0,
4,10,ASW00047ae,0.16456,SW13,200,1.29533027216e+12,12553,1.0,0.5,2014-05-02 15:18:19,1.1595914169e+12,624440970154.0,c_cld,697536459854.0,1.6.3,0.4,old,1.45066164082e+12,781182534782.0,
4,12,ASW00047ae,0.16456,SW13,200,1.09966729164e+12,12554,1.0,0.5,2014-05-02 15:19:57,1.0182262729e+12,548315719159.0,c_cld,592171777435.0,1.6.3,0.4,old,1.17295268213e+12,631636022915.0,
5,8,ASW0001hpf,0.16456,----,200,1.81530384399e+12,RSSPANLJCS,1.0,0.5,2015-07-14 09:09:10,1.65495460338e+12,0.0,L,0.0,2.0.0,0.0,new,1.95068664705e+12,0.0,
5,12,ASW0000w54,0.16456,----,200,1.4289899987e+12,OHLGINNP6B,1.0,0.5,2015-07-13 14:14:28,1.33731014947e+12,0.0,L,0.0,2.0.0,0.0,new,1.52505392213e+12,0.0,
5,12,ASW00071fc,0.16456,----,200,4.20583866213e+12,KOPRXCDBSK,1.0,0.33,2015-05-03 17:01:24,3.863955223e+12,0.0,c_cld,0.0,2.0.0,0.0,new,4.51243522701e+12,0.0,
-1,7,ASW00051ld,0.0,SW34,200,1.29825087841e+12,291,1.0,0.5,2013-06-05 03:15:17,1.11929421681e+12,755116977691.0,jasonjason,875847712668.0,,0.5,old,1.53196606808e+12,1.03352056133e+12,
5,8,ASW0005rnb,0.16456,SW17,200,1.35578422251e+12,FSICQP47IP,1.0,0.5,2015-04-27 18:58:45,1.15890220863e+12,1.12712559246e+12,ElisabethB,1.31860918347e+12,2.0.0,0.7,new,1.52621093724e+12,1.48436286862e+12,
-2,12,ASW0006a07,0.0,SW52,200,1.12607715557e+12,6437,0.76,0.38,2013-08-14 18:52:27,1.08449785504e+12,1.08449785504e+12,c_cld,1.12607715557e+12,0.0.0,0.0,old,1.17490583948e+12,1.17490583948e+12,
5,11,ASW0004m3x,0.16456,SW21,200,650066240533.0,QZROE23AUH,1.0,0.57,2015-04-27 08:27:26,598307234050.0,317704035447.0,c_cld,345188318260.0,2.0.0,0.5,new,690450028025.0,366632304765.0,
5,12,ASW0004nan,0.16456,SW15,200,1.05281556852e+12,QUOGDU2NN6,1.0,0.5,2015-07-15 10:19:47,995122932928.0,404342408552.0,L,427784315535.0,2.0.0,0.3,new,1.11427140183e+12,452755300364.0,
5,10,ASW00096rm,0.16456,SW42,200,1.06239056048e+12,GVYUDXDXLB,1.0,0.5,2015-06-11 13:05:39,955968233093.0,134569753948.0,psaha,149550614101.0,2.0.0,0.1,new,1.14697383626e+12,161457234233.0,
5,8,ASW00096rm,0.16456,SW42,200,1.49971877275e+12,4Q3YCEWGLN,1.0,0.5,2015-09-14 12:57:07,1.34118365047e+12,188795764958.0,rkueng,211112439989.0,2.0.0,0.1,new,1.68797427858e+12,237612794521.0,
5,11,ASW00018yo,0.16456,----,200,1.63347198816e+12,6VSOB22KVS,0.8,0.4,2015-05-20 16:46:41,1.5168679093e+12,1.5168679093e+12,c_cld,1.63347198816e+12,2.0.0,0.0,new,1.76048226322e+12,1.76048226322e+12,
5,12,ASW00047ae,0.16456,SW13,200,1.73246192978e+12,TGTIIF7HCV,1.0,0.5,2015-07-16 08:46:45,1.64337833407e+12,884960638985.0,L,932932231498.0,2.0.0,0.4,new,1.82912836677e+12,984987190522.0,
-1,8,ASW0004iye,0.0,SW32,200,6.73908171935e+12,2360,1.0,0.5,2013-06-28 18:29:10,6.02845497911e+12,0.0,psaha,0.0,,0.0,old,7.71887794229e+12,0.0,
5,12,ASW0007t5y,0.16456,SW55,200,1.26600582363e+12,5I4UW73M73,1.0,0.5,2015-04-30 11:53:26,1.18664973893e+12,0.0,c_cld,0.0,2.0.0,0.0,new,1.37291005846e+12,0.0,
5,12,ASW0008wmr,0.16456,SW40,200,1.30516927665e+12,HJ2STCIBPO,1.0,0.5,2015-07-16 08:57:11,1.21205949081e+12,0.0,L,0.0,2.0.0,0.0,new,1.38207061107e+12,0.0,
5,11,ASW00021r0,0.16456,SW31,200,8.91872824767e+12,2CZ5QU37NJ,1.0,0.5,2015-04-25 10:44:29,8.32222729948e+12,8.09403529101e+12,Capella)5,8.67418043148e+12,2.0.0,0.7,new,9.44394520304e+12,9.18499615656e+12,
5,8,ASW0004xjk,0.16456,SW14,200,1.23777773219e+12,7DXF6FTP44,1.0,0.5,2015-04-27 17:37:52,1.09540397407e+12,0.0,ElisabethB,0.0,2.0.0,0.0,new,1.42516372592e+12,0.0,
-2,12,ASW0004dv8,0.0,SW01,200,3.54334921983e+12,6479,1.0,0.5,2013-08-14 20:27:42,3.35652589857e+12,0.0,ElisabethB,0.0,0.0.0,0.0,old,3.78415103876e+12,0.0,
5,12,ASW0002e7v,0.16456,----,200,1.06318299896e+12,4RPELREDGW,1.0,0.5,2015-05-01 19:46:49,981816202595.0,0.0,c_cld,0.0,2.0.0,0.0,new,1.13737146111e+12,0.0,
5,11,ASW00018yo,0.16456,----,200,1.91242401097e+12,EPUBP5TBEH,0.7,0.4,2015-05-20 16:39:41,1.73522481149e+12,1.73522481149e+12,c_cld,1.91242401097e+12,2.0.0,0.0,new,2.06965453708e+12,2.06965453708e+12,
-2,8,ASW0004dv8,0.0,SW01,200,6.47370306649e+12,4836,1.0,0.5,2013-08-04 21:31:26,5.79719426742e+12,0.0,Budgieye,0.0,0.0.0,0.0,old,7.26832512116e+12,0.0,
4,12,ASW0007t5y,0.16456,SW55,200,1.2320826249e+12,8933,1.0,0.5,2013-09-12 19:28:51,1.17506315087e+12,0.0,Capella05,0.0,1.6.3,0.0,old,1.31636530344e+12,0.0,
-2,8,ASW0004dv8,0.0,SW01,200,6.96947837227e+12,4544,1.0,0.5,2013-08-03 22:24:34,6.19507815923e+12,0.0,Budgieye,0.0,0.0.0,0.0,old,7.62351641773e+12,0.0,
5,12,ASW0009ah7,0.16456,----,200,5.77290551277e+12,M7GZJN2BAG,1.99,0.43,2015-05-16 16:22:35,5.26968045426e+12,5.26968045426e+12,c_cld,5.77290551277e+12,2.0.0,0.0,new,6.28403547055e+12,6.28403547055e+12,
5,10,ASW0004m3x,0.16456,SW21,200,9.49496185147e+12,I2AODKYMKN,1.0,0.5,2015-04-26 12:08:57,8.5622880223e+12,5.77643389596e+12,Capella05,6.40564990769e+12,2.0.0,0.5,new,1.02481569635e+13,6.91378298663e+12,
-1,8,ASW0002asp,0.0,SW09,200,2.68390221276e+12,2421,1.0,0.5,2013-06-29 16:34:43,2.33390111362e+12,3.62948743009e+12,jon273,4.17377980924e+12,,1.0,old,3.15986812358e+12,4.91396210762e+12,
5,12,ASW0001c3j,0.16456,SW43,200,1.80300215417e+12,ZUDPUWLX7U,1.0,0.5,2015-05-13 17:24:24,1.69278453924e+12,2.63247665943e+12,c_cld,2.80387785788e+12,2.0.0,1.0,new,1.9382597255e+12,3.01421909819e+12,
5,8,ASW0000100,0.16456,----,200,2.48145664678e+14,ITJPW5HLAV,1.0,0.5,2015-04-23 18:31:18,2.16774531676e+14,0.0,rk,0.0,2.0.0,0.0,new,2.76373935098e+14,0.0,
-2,12,ASW0004dv8,0.0,SW01,200,5.98327021639e+12,5527,1.0,0.5,2013-08-09 00:19:47,5.53557839655e+12,0.0,ElisabethB,0.0,0.0.0,0.0,old,6.36820779969e+12,0.0,
5,12,ASW00077jj,0.16456,----,200,1.6618389776e+12,5LLJENQLGT,1.0,0.5,2015-04-30 14:33:04,1.55640176638e+12,0.0,c_cld,0.0,2.0.0,0.0,new,1.7960727724e+12,0.0,
5,11,ASW0008qsm,0.16456,SW29,200,1.32973298319e+12,DHCOMTUAOI,1.0,0.5,2015-04-26 13:52:18,1.21662019956e+12,1.39023740095e+12,c_cld,1.51949189005e+12,2.0.0,0.8,new,1.44177177209e+12,1.64751912052e+12,
4,12,ASW0007k4r,0.16456,SW05,200,1.33389437047e+13,12694,1.55,0.62,2014-11-26 21:34:00,1.265881253e+13,1.0669084008e+13,c_cld,1.12423112852e+13,1.6.3,0.6,old,1.40826902346e+13,1.18691547738e+13,
-2,8,ASW0004dv8,0.0,SW01,200,1.01197645023e+13,4506,1.0,0.5,2013-08-03 15:18:33,8.73382477553e+12,0.0,c_cld,0.0,0.0.0,0.0,old,1.13514865453e+13,0.0,
5,11,ASW00021r0,0.16456,SW31,200,5.16258318425e+12,Y4NEUEI45Y,1.0,0.5,2015-04-25 08:27:12,4.61882173843e+12,4.49217556892e+12,c_cld,5.02102730223e+12,2.0.0,0.7,new,5.60357156274e+12,5.44992396294e+12,
-2,8,ASW0004dv8,0.0,SW01,200,6.68534730673e+12,4516,1.0,0.5,2013-08-03 15:41:37,5.76152374294e+12,0.0,Capella05,0.0,0.0.0,0.0,old,7.36296164581e+12,0.0,
4,10,ASW0003wsu,0.16456,SW12,200,664915943553.0,12711,1.0,0.5,2014-11-27 08:35:21,605279311677.0,325943427220.0,c_cld,358057804511.0,1.6.3,0.4,old,730902601215.0,393591676120.0,
4,12,ASW0003wsu,0.16456,SW12,200,559223511226.0,12712,1.0,0.5,2014-11-27 08:37:05,520038921632.0,280041404248.0,c_cld,301142339271.0,1.6.3,0.4,old,600445133392.0,323340218078.0,
4,9,ASW0004dv8,0.16456,SW01,200,8.45159184302e+12,12359,1.0,0.5,2014-04-21 01:09:45,7.53707014628e+12,0.0,Phil,0.0,1.6.3,0.0,old,9.44616740391e+12,0.0,
5,12,ASW0009ah7,0.16456,----,200,6.56960298813e+12,B7S2OP7PZR,1.6,0.43,2015-05-17 10:21:40,6.06342118207e+12,6.06342118207e+12,c_cld,6.56960298813e+12,2.0.0,0.0,new,7.14721005232e+12,7.14721005232e+12,
-1,8,ASW0003r61,0.0,SW23,200,4.30709444994e+12,2478,1.0,0.5,2013-06-30 11:32:51,3.83681610989e+12,3.13880115516e+12,Capella05,3.5235238405e+12,,0.6,old,4.83760102418e+12,3.95751770426e+12,
5,12,ASW00086xq,0.16456,SW37,200,2.38219086266e+12,BYQATMOXCM,1.0,0.5,2015-07-15 13:43:47,2.21811388448e+12,0.0,L,0.0,2.0.0,0.0,new,2.52001320251e+12,0.0,
-1,8,ASW0003r61,0.0,SW23,200,4.43996035653e+12,2481,1.0,0.5,2013-06-30 12:00:58,3.89172695881e+12,3.18372231663e+12,jon273,3.63221804141e+12,,0.6,old,4.97149750685e+12,4.06705499311e+12,
5,12,ASW0006e0o,0.16456,SW51,200,4.62477940478e+12,S2LA5MRACS,1.0,0.5,2015-07-16 08:27:14,4.33504882519e+12,0.0,L,0.0,2.0.0,0.0,new,4.99434573763e+12,0.0,
5,12,ASW00024id,0.16456,SW45,200,6.79603874761e+12,TPSG5PJMDD,1.2,0.76,2015-04-28 11:04:47,6.4578624487e+12,4.11469585484e+12,c_cld,4.33016848629e+12,2.0.0,0.8,new,7.15007519682e+12,4.55574658146e+12,
5,12,ASW00071fc,0.16456,----,200,4.0076199228e+12,5KOQG45XYQ,1.0,0.33,2015-05-03 16:38:40,3.76583547495e+12,0.0,c_cld,0.0,2.0.0,0.0,new,4.33007925688e+12,0.0,
5,12,ASW0002qtn,0.16456,SW11,200,546875059036.0,3TUJKHGED4,1.0,0.5,2015-07-15 10:46:04,510186706558.0,582992655537.0,L,624916601739.0,2.0.0,0.8,new,590383054631.0,674633384954.0,
-2,11,ASW0004dv8,0.0,SW01,200,2.47296348972e+12,4536,0.68,0.2,2013-08-03 18:05:50,2.28308390096e+12,2.28308390096e+12,c_cld,2.47296348972e+12,0.0.0,0.0,old,2.72204456679e+12,2.72204456679e+12,
5,8,ASW0000100,0.16456,----,200,2.45325615564e+14,L6BCJAN4XY,1.0,0.5,2015-04-23 21:09:56,2.11712076602e+14,0.0,rk,0.0,2.0.0,0.0,new,2.7100766291e+14,0.0,
5,10,ASW0008qsm,0.16456,SW29,200,1.42218750586e+12,GYTFOS6GJS,1.0,0.5,2015-04-26 13:20:33,1.26625359471e+12,1.44695370591e+12,c_cld,1.62514009098e+12,2.0.0,0.8,new,1.56108546295e+12,1.78385941434e+12,
-2,9,ASW0004dv8,0.0,SW01,200,3.1677106063e+12,4539,0.7,0.2,2013-08-03 20:29:32,2.73641953338e+12,2.73641953338e+12,c_cld,3.1677106063e+12,0.0.0,0.0,old,3.4599135589e+12,3.4599135589e+12,
-2,9,ASW0004dv8,0.0,SW01,200,3.33136168721e+12,4543,0.6,0.2,2013-08-03 20:55:07,2.91835072494e+12,2.91835072494e+12,c_cld,3.33136168721e+12,0.0.0,0.0,old,3.70750208992e+12,3.70750208992e+12,
4,7,ASW0008swn,0.16456,SW06,200,1.11999259447e+12,12736,1.0,0.5,2014-11-27 17:14:27,953873100250.0,643517818413.0,c_cld,755588128906.0,1.6.3,0.5,old,1.28642430223e+12,867869070120.0,
4,10,ASW0008swn,0.16456,SW06,200,697172281216.0,12737,1.0,0.5,2014-11-27 17:15:49,635315718170.0,428607311447.0,c_cld,470338020171.0,1.6.3,0.5,old,775028634914.0,522862775160.0,
4,12,ASW0008swn,0.16456,SW06,200,609890005646.0,12738,1.0,0.5,2014-11-27 17:18:00,572211559469.0,386034928885.0,c_cld,411454192179.0,1.6.3,0.5,old,655709134132.0,442365458675.0,
-2,8,ASW0004dv8,0.0,SW01,200,1.87842812235e+12,4550,2.0,0.2,2013-08-03 22:51:04,1.6563784627e+12,0.0,Budgieye,0.0,0.0.0,0.0,old,2.1053942292e+12,0.0,
5,10,ASW00042d9,0.16456,----,200,2.13433955519e+12,F37TTRCS7W,1.0,0.48,2015-05-05 13:51:36,1.93672232685e+12,0.0,c_cld,0.0,2.0.0,0.0,new,2.3432234764e+12,0.0,
-2,8,ASW0004dv8,0.0,SW01,200,1.71435385921e+12,4553,1.0,0.2,2013-08-04 12:02:40,1.51575230705e+12,0.0,Budgieye,0.0,0.0.0,0.0,old,2.00039041382e+12,0.0,
-2,8,ASW0004dv8,0.0,SW01,200,5.6036259606e+12,4554,1.0,0.5,2013-08-04 12:08:19,4.8841192765e+12,0.0,Budgieye,0.0,0.0.0,0.0,old,6.23377592926e+12,0.0,
5,8,ASW0007iwp,0.16456,SW58,200,1.16535614084e+13,M5GLDBO63A,1.0,0.5,2015-06-12 09:56:26,1.00490292641e+13,8.22085389523e+12,psaha,9.53348061587e+12,2.0.0,0.6,new,1.29147095318e+13,1.05651936491e+13,
5,12,ASW0009ah7,0.16456,----,200,5.59005657246e+12,MUGCPS43Y5,1.99,0.43,2015-05-17 08:21:56,5.11679819769e+12,5.11679819769e+12,c_cld,5.59005657246e+12,2.0.0,0.0,new,5.9631980382e+12,5.9631980382e+12,
5,10,ASW0001csb,0.16456,----,200,1.71820751495e+12,AMA6R2SYYF,0.9,0.29,2015-05-05 15:09:52,1.56881606876e+12,1.56881606876e+12,c_cld,1.71820751495e+12,2.0.0,0.0,new,1.90159633304e+12,1.90159633304e+12,
-2,8,ASW0004dv8,0.0,SW01,200,7.08059660374e+12,4568,1.0,0.5,2013-08-04 12:59:36,6.32626596791e+12,0.0,Capella05,0.0,0.0.0,0.0,old,7.82272304502e+12,0.0,
-1,8,ASW0002dx7,0.0,SW20,200,3.59941047697e+12,474,1.0,0.5,2013-06-07 06:04:25,3.14612625451e+12,1.27834685069e+12,jasonjason,1.4625271446e+12,,0.3,old,4.08193512208e+12,1.6585885263e+12,
-2,8,ASW0004dv8,0.0,SW01,200,1.73796480748e+12,4571,1.0,0.2,2013-08-04 13:10:23,1.52483546144e+12,0.0,Budgieye,0.0,0.0.0,0.0,old,1.92337717944e+12,0.0,
4,12,ASW0007k4r,0.16456,SW05,200,1.26419184939e+13,12766,1.55,0.62,2014-11-28 08:27:41,1.18862631497e+13,1.00179649383e+13,c_cld,1.06548453983e+13,1.6.3,0.6,old,1.33527173138e+13,1.12539199406e+13,
5,12,ASW0001lb5,0.16456,----,200,2.90475649455e+12,GSSPJIU2Z2,1.0,0.5,2015-05-11 13:13:51,2.69944338738e+12,0.0,c_cld,0.0,2.0.0,0.0,new,3.11796689979e+12,0.0,
4,12,ASW0007k4r,0.16456,SW05,200,1.25791179615e+13,12768,1.55,0.62,2014-11-28 08:45:50,1.17808919398e+13,9.92915611137e+12,c_cld,1.06019159348e+13,1.6.3,0.6,old,1.33508761336e+13,1.12523681595e+13,
4,12,ASW0007k4r,0.16456,SW05,200,1.30048708155e+13,12769,1.0,0.5,2014-11-28 08:57:40,1.20761535975e+13,9.87919248041e+12,c_cld,1.06389522899e+13,1.6.3,0.6,old,1.38451796559e+13,1.13263874662e+13,
5,12,ASW0008qsm,0.16456,SW29,200,872227085823.0,DLDC4N7SOR,1.0,0.5,2015-05-12 09:15:58,810828281996.0,926537142637.0,c_cld,996697833282.0,2.0.0,0.8,new,941436419796.0,1.07578365203e+12,
4,12,ASW0007k4r,0.16456,SW05,200,1.2732666362e+13,12771,1.55,0.62,2014-11-28 09:20:16,1.18101178317e+13,9.9537882398e+12,c_cld,1.07313293992e+13,1.6.3,0.6,old,1.35520509476e+13,1.14219220561e+13,
-2,8,ASW0004dv8,0.0,SW01,200,5.62921653945e+12,4585,1.0,0.5,2013-08-04 13:39:48,4.93024932256e+12,0.0,Budgieye,0.0,0.0.0,0.0,old,6.18025211862e+12,0.0,
5,12,ASW0008qsm,0.16456,SW29,200,719267765045.0,2SU75GA4XN,1.8,0.6,2015-05-12 18:56:05,688529425004.0,917600445518.0,c_cld,958565309897.0,2.0.0,0.8,new,750366925683.0,1.00001103846e+12,
5,12,ASW0007iwp,0.16456,SW58,200,5.75531569705e+12,4XBJWT3COV,1.0,0.5,2015-07-15 14:30:23,5.37236422768e+12,4.39499380757e+12,L,4.70827661289e+12,2.0.0,0.6,new,6.19279268992e+12,5.06616535482e+12,
5,12,ASW0009ah7,0.16456,----,200,6.85593213427e+12,GMUGWHYE54,1.3,0.43,2015-05-17 10:36:51,6.37603328355e+12,6.37603328355e+12,c_cld,6.85593213427e+12,2.0.0,0.0,new,7.45725275723e+12,7.45725275723e+12,
4,11,ASW0008swn,0.16456,SW06,200,1.57405549576e+12,12372,1.0,0.5,2014-04-22 11:00:57,1.43847715493e+12,970449507735.0,c_cld,1.06191563472e+12,1.6.3,0.5,old,1.7100789504e+12,1.15368205182e+12,
4,12,ASW0008swn,0.16456,SW06,200,1.47884358754e+12,12373,1.0,0.5,2014-04-22 11:04:27,1.37611297715e+12,928376343471.0,c_cld,997682185373.0,1.6.3,0.5,old,1.61035290715e+12,1.08640320124e+12,
5,12,ASW00024id,0.16456,SW45,200,6.15222246137e+12,TSKKYHD3CB,1.2,0.76,2015-04-28 12:42:56,5.86522465304e+12,3.73709036996e+12,c_cld,3.91995408093e+12,2.0.0,0.8,new,6.54080583197e+12,4.16754411509e+12,
5,8,ASW00023pg,0.16456,----,200,2.31686001147e+12,ENCENHLARJ,1.0,0.5,2015-07-10 13:41:26,2.04514027279e+12,0.0,L,0.0,2.0.0,0.0,new,2.61722068076e+12,0.0,
5,10,ASW0007pga,0.16456,SW56,200,1.92030882458e+12,VHV6RQYYKZ,1.0,0.5,2015-05-09 17:16:20,1.80311033996e+12,970976460822.0,Capella05,1.03408794507e+12,2.0.0,0.4,new,2.05733331928e+12,1.1078757527e+12,
-2,8,ASW0004dv8,0.0,SW01,200,5.60787075777e+12,4617,1.0,0.5,2013-08-04 14:36:11,4.97038062306e+12,0.0,Budgieye,0.0,0.0.0,0.0,old,6.22440387218e+12,0.0,
-2,8,ASW0004dv8,0.0,SW01,200,6.68215162583e+12,4625,1.0,0.5,2013-08-04 14:52:48,5.95987679676e+12,0.0,Budgieye,0.0,0.0.0,0.0,old,7.39515341308e+12,0.0,
-2,9,ASW0004dv8,0.0,SW01,200,2.93705296432e+12,4628,0.65,0.25,2013-08-04 15:03:08,2.63121723189e+12,2.63121723189e+12,c_cld,2.93705296432e+12,0.0.0,0.0,old,3.26645842648e+12,3.26645842648e+12,
5,12,ASW0004nan,0.16456,SW15,200,588644694526.0,JUI6MB5I7K,1.0,0.3,2015-05-13 09:15:50,548019580775.0,454947481748.0,c_cld,488673089089.0,2.0.0,0.3,new,648278106217.0,538178748064.0,
5,8,ASW0009cox,0.16456,----,200,2.66464145791e+12,5P5PSM2PUJ,1.0,0.5,2015-04-26 16:02:19,2.36972435514e+12,0.0,ElisabethB,0.0,2.0.0,0.0,new,3.06794983899e+12,0.0,
-2,8,ASW0004dv8,0.0,SW01,200,7.54555161713e+12,6691,1.0,0.5,2013-08-16 20:19:19,6.51380910724e+12,0.0,jasonjason,0.0,0.0.0,0.0,old,8.44339133837e+12,0.0,
-2,11,ASW0004dv8,0.0,SW01,200,4.01202782398e+12,6694,1.0,0.5,2013-08-16 20:23:03,3.77599855874e+12,0.0,jasonjason,0.0,0.0.0,0.0,old,4.37306790095e+12,0.0,
-2,9,ASW0004dv8,0.0,SW01,200,6.1208175771e+12,4648,1.0,0.5,2013-08-04 16:01:31,5.59368807639e+12,0.0,Capella05,0.0,0.0.0,0.0,old,6.68003381696e+12,0.0,
5,12,ASW0009ah7,0.16456,----,200,7.08777231692e+12,QXUMNCVEFF,1.5,0.43,2015-05-17 09:54:56,6.42586374781e+12,6.42586374781e+12,c_cld,7.08777231692e+12,2.0.0,0.0,new,7.61854357696e+12,7.61854357696e+12,
3,12,ASW0004dv8,0.16456,SW01,300,4.31206315685e+12,7261,1.0,0.5,2013-08-24 20:20:08,3.99768405613e+12,0.0,jasonjason,0.0,1.6.1,0.0,old,4.69618863094e+12,0.0,
-2,10,ASW0004dv8,0.0,SW01,200,2.69531228497e+12,4531,0.7,0.2,2013-08-03 17:24:01,2.44995017892e+12,2.44995017892e+12,c_cld,2.69531228497e+12,0.0.0,0.0,old,2.94205588516e+12,2.94205588516e+12,
-2,12,ASW0004iye,0.0,SW32,200,1.54286440786e+12,6709,0.9,0.3,2013-08-17 12:09:04,1.41286873305e+12,1.41286873305e+12,c_cld,1.54286440786e+12,0.0.0,0.0,old,1.66630958511e+12,1.66630958511e+12,
5,8,ASW0002b6m,0.16456,----,200,2.85107714209e+12,DTNM2FJRHY,1.0,0.5,2015-07-10 10:39:16,2.49924678946e+12,0.0,L,0.0,2.0.0,0.0,new,3.30545060439e+12,0.0,
-2,8,ASW0004dv8,0.0,SW01,200,7.86512547582e+12,4681,1.0,0.5,2013-08-04 16:50:57,7.06434549631e+12,0.0,ElisabethB,0.0,0.0.0,0.0,old,9.0120464056e+12,0.0,
5,10,ASW0004wgd,0.16456,SW35,200,947051407939.0,JQA3OBCT52,1.0,0.5,2015-04-24 16:40:23,862155237709.0,985188686919.0,Capella05,1.08219992436e+12,2.0.0,0.8,new,1.03161073674e+12,1.17882625157e+12,
-2,11,ASW0004dv8,0.0,SW01,200,2.4645206867e+12,4535,0.68,0.2,2013-08-03 17:49:17,2.24040069405e+12,2.24040069405e+12,c_cld,2.4645206867e+12,0.0.0,0.0,old,2.65251367443e+12,2.65251367443e+12,
5,11,ASW0001lb5,0.16456,----,200,1.82184079179e+12,VSCIV3SDAV,0.8,0.3,2015-05-11 19:40:59,1.66636599629e+12,1.66636599629e+12,c_cld,1.82184079179e+12,2.0.0,0.0,new,1.9884572397e+12,1.9884572397e+12,
-2,8,ASW0004dv8,0.0,SW01,200,6.51419513241e+12,4686,1.0,0.5,2013-08-04 17:07:50,5.73599179332e+12,0.0,Capella05,0.0,0.0.0,0.0,old,7.48386888529e+12,0.0,
4,8,ASW0004dv8,0.16456,SW01,200,5.96464583514e+12,11364,1.0,0.5,2013-11-23 12:53:18,5.41486907673e+12,0.0,Capella05,0.0,1.6.3,0.0,old,6.61692036233e+12,0.0,
5,11,ASW0001csb,0.16456,----,200,1.71585268044e+12,PBJSINXJZQ,0.9,0.29,2015-05-05 15:32:18,1.51516623368e+12,1.51516623368e+12,c_cld,1.71585268044e+12,2.0.0,0.0,new,1.84171373856e+12,1.84171373856e+12,
-2,11,ASW0004dv8,0.0,SW01,200,2.65082700402e+12,4705,0.65,0.25,2013-08-04 17:34:14,2.43307202848e+12,2.43307202848e+12,c_cld,2.65082700402e+12,0.0.0,0.0,old,2.8516744327e+12,2.8516744327e+12,
5,12,ASW0009ah7,0.16456,----,200,4.93750527238e+12,VAQZY6RXGP,1.99,0.43,2015-05-16 17:30:33,4.57801057711e+12,4.57801057711e+12,c_cld,4.93750527238e+12,2.0.0,0.0,new,5.39003221187e+12,5.39003221187e+12,
-2,8,ASW0004dv8,0.0,SW01,200,5.66827054155e+12,4711,1.0,0.5,2013-08-04 17:41:39,5.12392033821e+12,0.0,ElisabethB,0.0,0.0.0,0.0,old,6.44630722686e+12,0.0,
-2,11,ASW0004dv8,0.0,SW01,200,2.6560917215e+12,4713,0.65,0.25,2013-08-04 17:51:22,2.49176716476e+12,2.49176716476e+12,c_cld,2.6560917215e+12,0.0.0,0.0,old,2.82523994653e+12,2.82523994653e+12,
-2,8,ASW00047ae,0.0,SW13,200,1.70961013666e+12,6767,1.0,0.5,2013-08-18 09:11:11,1.47168912384e+12,792505852378.0,c_cld,920626521348.0,0.0.0,0.4,old,1.88249006633e+12,1.01372251139e+12,
-2,8,ASW00047ae,0.0,SW13,200,1.83676247679e+12,6771,1.0,0.5,2013-08-18 09:15:19,1.63245734216e+12,879079675497.0,c_cld,989098165302.0,0.0.0,0.4,old,2.1230808558e+12,1.14328085738e+12,
5,12,ASW0008qsm,0.16456,SW29,200,2.52105844976e+12,TQKS2E5S7H,1.1,0.7,2015-04-26 14:27:54,2.28747119787e+12,1.52257510044e+12,c_cld,1.67805427493e+12,2.0.0,0.8,new,2.71991155921e+12,1.81041388382e+12,
-2,10,ASW00047ae,0.0,SW13,200,2.45423636867e+12,6784,0.9,0.5,2013-08-18 10:10:04,2.24440586065e+12,1.07637992612e+12,c_cld,1.17701116697e+12,0.0.0,0.4,old,2.66417632486e+12,1.27769489734e+12,
-2,8,ASW0004dv8,0.0,SW01,200,5.69738458149e+12,4737,1.0,0.5,2013-08-04 18:26:18,4.85829940781e+12,0.0,Capella05,0.0,0.0.0,0.0,old,6.43003869171e+12,0.0,
-2,11,ASW00047ae,0.0,SW13,200,1.94757561229e+12,6789,0.9,0.5,2013-08-18 10:21:18,1.79122649213e+12,859042597004.0,c_cld,934025048867.0,0.0.0,0.4,old,2.14849718435e+12,1.03038371139e+12,
-2,12,ASW00047ae,0.0,SW13,200,1.77744570717e+12,6790,0.9,0.5,2013-08-18 10:37:55,1.66298341943e+12,797539340600.0,c_cld,852433560482.0,0.0.0,0.4,old,1.90174868045e+12,912047210378.0,
-2,11,ASW00047ae,0.0,SW13,200,1.91744914082e+12,6792,0.9,0.5,2013-08-18 10:45:46,1.77372066878e+12,850647093687.0,c_cld,919576891472.0,0.0.0,0.4,old,2.09353255597e+12,1.00402358478e+12,
4,12,ASW0004dv8,0.16456,SW01,300,5.24071042828e+12,11373,1.0,0.5,2013-11-23 14:48:34,4.93174011161e+12,0.0,Capella05,0.0,1.6.3,0.0,old,5.57716914257e+12,0.0,
5,9,ASW0009auu,0.16456,----,200,2.40388821884e+12,5WCTAXPI57,1.0,0.5,2015-05-05 14:35:42,2.10603958357e+12,0.0,c_cld,0.0,2.0.0,0.0,new,2.71653466025e+12,0.0,
5,8,ASW0001lb5,0.16456,----,200,2.49837539212e+12,E663NDQICM,0.8,0.3,2015-05-11 20:46:49,2.24233418573e+12,2.24233418573e+12,c_cld,2.49837539212e+12,2.0.0,0.0,new,2.79977771497e+12,2.79977771497e+12,
-2,11,ASW0004dv8,0.0,SW01,200,2.6666162767e+12,4755,0.65,0.25,2013-08-04 19:44:12,2.48755578353e+12,2.48755578353e+12,c_cld,2.6666162767e+12,0.0.0,0.0,old,2.82127841175e+12,2.82127841175e+12,
-2,8,ASW0004dv8,0.0,SW01,200,6.39011505258e+12,4758,1.0,0.5,2013-08-04 19:56:39,5.64327135001e+12,0.0,ElisabethB,0.0,0.0.0,0.0,old,7.13540728491e+12,0.0,
5,12,ASW0001ld7,0.16456,SW19,200,300070691623.0,L5TWWXPEJV,1.0,0.5,2015-05-11 07:58:10,278990887787.0,76689993544.2,c_cld,82484483941.0,2.0.0,0.2,new,318178341987.0,87461978369.5,
5,10,ASW0007t5y,0.16456,SW55,200,1.6276231358e+12,YINTKV2XET,1.0,0.5,2015-04-30 11:01:50,1.48201570448e+12,0.0,c_cld,0.0,2.0.0,0.0,new,1.82864154762e+12,0.0,
5,10,ASW0009cox,0.16456,----,200,2.33256837871e+12,KCX5ZKZCYU,1.0,0.5,2015-04-26 14:37:42,2.15739600458e+12,0.0,Capella05,0.0,2.0.0,0.0,new,2.53399402127e+12,0.0,
5,12,ASW0002asp,0.16456,SW09,200,1.99267349319e+12,5EKMWWVJHL,1.0,0.5,2015-07-15 09:42:54,1.85967006193e+12,2.89200303924e+12,L,3.0988388298e+12,2.0.0,1.0,new,2.12536345064e+12,3.30518713216e+12,
4,10,ASW0007t5y,0.16456,SW55,200,1.28093934472e+12,8879,1.0,0.5,2013-09-12 13:23:23,1.16308262656e+12,0.0,c_cld,0.0,1.6.3,0.0,old,1.39653325905e+12,0.0,
4,12,ASW0007t5y,0.16456,SW55,200,1.50335553646e+12,8881,1.0,0.5,2013-09-12 13:37:04,1.42582372311e+12,0.0,c_cld,0.0,1.6.3,0.0,old,1.59116243709e+12,0.0,
4,12,ASW0007k4r,0.16456,SW05,200,1.33741415053e+13,8884,1.0,0.5,2013-09-12 14:57:03,1.26973843494e+13,1.03874054742e+13,c_cld,1.09410431992e+13,1.6.3,0.6,old,1.42010590227e+13,1.16175232767e+13,
4,12,ASW0007k4r,0.16456,SW05,200,1.27268296206e+13,8885,1.0,0.5,2013-09-12 15:05:49,1.20680764504e+13,9.87258477288e+12,c_cld,1.04114938977e+13,1.6.3,0.6,old,1.35259003305e+13,1.10651932138e+13,
4,12,ASW0007t5y,0.16456,SW55,200,1.33516387763e+12,8886,1.0,0.5,2013-09-12 15:39:45,1.26460604823e+12,0.0,Phil,0.0,1.6.3,0.0,old,1.40395581824e+12,0.0,
5,12,ASW0002dx7,0.16456,SW20,200,2.16745621822e+12,PWHGWXVMWP,1.0,0.5,2015-06-12 19:20:57,2.05957213593e+12,836853749899.0,c_cld,880689650199.0,2.0.0,0.3,new,2.28185335594e+12,927171961748.0,
5,10,ASW0006jh5,0.16456,SW27,200,533356116708.0,4TI677H3WU,1.0,0.5,2015-05-11 09:06:41,487281698942.0,473920637585.0,c_cld,518731713994.0,2.0.0,0.7,new,579958726263.0,564056499393.0,
-2,8,ASW0004dv8,0.0,SW01,200,6.41120540999e+12,4809,1.0,0.5,2013-08-04 21:06:20,5.66274840915e+12,0.0,Budgieye,0.0,0.0.0,0.0,old,7.30182303087e+12,0.0,
5,12,ASW00023pg,0.16456,----,200,1.37274133068e+12,BL5HGOKDXT,1.0,0.5,2015-07-13 14:13:38,1.2805236933e+12,0.0,L,0.0,2.0.0,0.0,new,1.46560251297e+12,0.0,
5,8,ASW000102p,0.16456,----,200,4.47028304081e+12,SQEZSUAUHT,1.0,0.5,2015-07-10 12:30:26,3.79247633324e+12,0.0,rkueng,0.0,2.0.0,0.0,new,5.3035646772e+12,0.0,
5,11,ASW0005ks6,0.16456,----,200,6.09907315249e+12,WJJMCUTSO4,1.4,0.7,2015-05-01 16:34:34,5.68449934801e+12,5.68449934801e+12,c_cld,6.09907315249e+12,2.0.0,0.0,new,6.77080338342e+12,6.77080338342e+12,
-2,8,ASW0004dv8,0.0,SW01,200,6.4363363468e+12,4827,1.0,0.5,2013-08-04 21:21:18,5.69599615874e+12,0.0,ElisabethB,0.0,0.0.0,0.0,old,7.0025946838e+12,0.0,
-2,8,ASW0004dv8,0.0,SW01,200,5.61343765943e+12,4560,1.0,0.5,2013-08-04 12:52:59,5.08509969672e+12,0.0,ElisabethB,0.0,0.0.0,0.0,old,6.18840591913e+12,0.0,
4,12,ASW0004dv8,0.16456,SW01,300,5.22760106153e+12,8932,1.0,0.5,2013-09-12 19:21:16,4.89958351765e+12,0.0,psaha,0.0,1.6.3,0.0,old,5.57891292708e+12,0.0,
4,12,ASW0002asp,0.16456,SW09,200,1.68907861072e+12,13029,1.0,0.5,2014-12-06 16:00:55,1.57183872596e+12,2.44439186593e+12,c_cld,2.62671350995e+12,1.6.3,1.0,old,1.86325261562e+12,2.89757432652e+12,
5,8,ASW0002b6m,0.16456,----,200,2.52227468984e+12,JQFENOSLM6,1.0,0.5,2015-07-10 12:40:03,2.18974247517e+12,0.0,L,0.0,2.0.0,0.0,new,2.84819952461e+12,0.0,
5,12,ASW0006a07,0.16456,SW52,200,1.74619179323e+12,Y7SAF7WWVG,1.0,0.5,2015-07-15 10:10:21,1.64073509733e+12,0.0,L,0.0,2.0.0,0.0,new,1.85466937232e+12,0.0,
-2,8,ASW0004dv8,0.0,SW01,200,3.35721333284e+12,4849,1.1,0.24,2013-08-04 21:49:10,3.00467902316e+12,3.00467902316e+12,c_cld,3.35721333284e+12,0.0.0,0.0,old,3.74072100158e+12,3.74072100158e+12,
-2,8,ASW0004dv8,0.0,SW01,200,7.00923263478e+12,4850,1.0,0.5,2013-08-05 02:49:44,6.28116778308e+12,0.0,Khalila RedBird,0.0,0.0.0,0.0,old,7.68427305154e+12,0.0,
-2,8,ASW0004dv8,0.0,SW01,200,6.83571292271e+12,4853,1.0,0.5,2013-08-05 03:02:28,6.10806248331e+12,0.0,Khalila RedBird,0.0,0.0.0,0.0,old,7.63631456364e+12,0.0,
5,8,ASW0007k4r,0.16456,SW05,200,2.38746134084e+13,AJIBCHQ6EM,1.0,0.5,2015-07-16 22:39:54,2.06337835122e+13,1.68799707018e+13,rafik,1.95312107745e+13,2.0.0,0.6,new,2.66726292255e+13,2.18201959714e+13,
4,8,ASW0006e0o,0.16456,SW51,200,6.62306726546e+12,13053,1.0,0.5,2014-12-06 17:40:14,5.91697301107e+12,0.0,c_cld,0.0,1.6.3,0.0,old,7.13893804843e+12,0.0,
4,10,ASW0006e0o,0.16456,SW51,200,4.66054617896e+12,13055,1.0,0.5,2014-12-06 17:43:17,4.19599023843e+12,0.0,c_cld,0.0,1.6.3,0.0,old,5.04090603695e+12,0.0,
4,12,ASW0006e0o,0.16456,SW51,200,3.85616991291e+12,13056,1.0,0.5,2014-12-06 17:48:58,3.6191790063e+12,0.0,c_cld,0.0,1.6.3,0.0,old,4.07175553951e+12,0.0,
-2,8,ASW0004dv8,0.0,SW01,200,1.27957412617e+12,4865,1.0,0.1,2013-08-05 08:22:43,1.1420032336e+12,0.0,ElisabethB,0.0,0.0.0,0.0,old,1.40859486525e+12,0.0,
5,12,ASW0001csb,0.16456,----,200,3.98247868629e+12,TFEVAN2TRQ,0.4,0.29,2015-05-20 09:30:51,3.59446663318e+12,3.59446663318e+12,c_cld,3.98247868629e+12,2.0.0,0.0,new,4.46453842798e+12,4.46453842798e+12,
-2,11,ASW0004dv8,0.0,SW01,200,2.40140788829e+12,4870,1.4,0.3,2013-08-05 09:51:43,2.22302719715e+12,2.22302719715e+12,c_cld,2.40140788829e+12,0.0.0,0.0,old,2.60264404871e+12,2.60264404871e+12,
-2,11,ASW0004dv8,0.0,SW01,200,5.49057486381e+12,4871,1.0,0.5,2013-08-05 10:06:10,5.16559485871e+12,0.0,c_cld,0.0,0.0.0,0.0,old,5.81484495599e+12,0.0,
5,12,ASW0008qsm,0.16456,SW29,200,1.29514848587e+12,QLLDGNCFYV,1.0,0.5,2015-05-12 11:23:36,1.16813458611e+12,1.33483267131e+12,c_cld,1.47997202864e+12,2.0.0,0.8,new,1.42077340559e+12,1.62352419221e+12,
-2,9,ASW0004dv8,0.0,SW01,200,3.15696015697e+12,4879,1.2,0.3,2013-08-05 16:13:51,2.90722619221e+12,2.90722619221e+12,c_cld,3.15696015697e+12,0.0.0,0.0,old,3.42085513531e+12,3.42085513531e+12,
-2,8,ASW0004dv8,0.0,SW01,200,5.57848249386e+12,4570,1.0,0.5,2013-08-04 13:01:09,4.9307022843e+12,0.0,ElisabethB,0.0,0.0.0,0.0,old,6.4116253749e+12,0.0,
-2,11,ASW0004dv8,0.0,SW01,200,5.43054307813e+12,4902,1.0,0.5,2013-08-05 16:58:42,5.08261442021e+12,0.0,c_cld,0.0,0.0.0,0.0,old,5.75417647282e+12,0.0,
-2,10,ASW0004dv8,0.0,SW01,200,3.10047078568e+12,4916,0.84,0.3,2013-08-05 17:23:23,2.85493190658e+12,2.85493190658e+12,c_cld,3.10047078568e+12,0.0.0,0.0,old,3.36322985985e+12,3.36322985985e+12,
5,12,ASW0000ar2,0.16456,----,200,976817224273.0,JW3HOCVDHD,1.0,0.5,2015-07-14 14:15:36,894070602666.0,0.0,L,0.0,2.0.0,0.0,new,1.04500333136e+12,0.0,
5,12,ASW0009ah7,0.16456,----,200,5.43630634257e+12,AXO5WSFKRZ,1.99,0.43,2015-05-16 16:57:20,4.98623011428e+12,4.98623011428e+12,c_cld,5.43630634257e+12,2.0.0,0.0,new,5.85744394212e+12,5.85744394212e+12,
5,8,ASW0008qsm,0.16456,SW29,200,1.00265837468e+12,M6IXERVPB4,1.0,0.5,2015-04-25 17:40:56,886063700057.0,1.01250899491e+12,ElisabethB,1.14574225659e+12,2.0.0,0.8,new,1.16515656376e+12,1.33142967171e+12,
5,12,ASW0000wqt,0.16456,----,200,3.9620286599e+12,23WB343MWG,1.0,0.5,2015-07-22 16:05:49,3.62156510831e+12,0.0,c_cld,0.0,2.0.0,0.0,new,4.26914238774e+12,0.0,
5,12,ASW0003gj8,0.16456,----,200,2.87965293512e+12,K575KIHHGI,0.8,0.27,2015-05-02 07:26:05,2.742457421e+12,2.742457421e+12,c_cld,2.87965293512e+12,2.0.0,0.0,new,3.05659231217e+12,3.05659231217e+12,
4,12,ASW0007k4r,0.16456,SW05,200,1.31618109451e+13,12770,1.0,0.5,2014-11-28 09:06:37,1.25011841764e+13,1.02268991293e+13,c_cld,1.07673409971e+13,1.6.3,0.6,old,1.42351732747e+13,1.16454312739e+13,
5,12,ASW0000g95,0.16456,SW48,200,1.16529006829e+12,A6UPEGOHT5,1.0,0.5,2015-07-15 10:40:17,1.0725047422e+12,0.0,L,0.0,2.0.0,0.0,new,1.2472366618e+12,0.0,
5,12,ASW0004nan,0.16456,SW15,200,621710316773.0,WWPXSGQALW,0.9,0.3,2015-05-13 08:27:45,580494155882.0,459541327475.0,c_cld,492169613389.0,2.0.0,0.3,new,663545297392.0,525287780615.0,
5,10,ASW0004m3x,0.16456,SW21,200,9.84285254164e+12,PGTZG3KCTV,1.0,0.5,2015-04-26 12:41:18,9.01918267129e+12,6.08467180275e+12,Capella05,6.64034974138e+12,2.0.0,0.5,new,1.08709652733e+13,7.33395234113e+12,
5,10,ASW0002p8y,0.01,SW30,200,14995473296.6,3BJQ2QZN65,1.0,0.5,2015-04-24 18:40:27,13973411927.9,0.0,Capella05,0.0,2.0.0,0.0,new,16486410720.7,0.0,
-2,11,ASW0004dv8,0.0,SW01,200,2.35532345744e+12,4965,2.0,0.32,2013-08-05 19:27:17,2.21003505039e+12,2.21003505039e+12,c_cld,2.35532345744e+12,0.0.0,0.0,old,2.54409598292e+12,2.54409598292e+12,
4,12,ASW0002dx7,0.16456,SW20,200,1.97819963914e+12,13160,1.0,0.5,2014-12-20 11:14:01,1.84649322473e+12,750274657692.0,c_cld,803790145139.0,1.6.3,0.3,old,2.12292381535e+12,862595062647.0,
4,12,ASW0002dx7,0.16456,SW20,200,1.98054079277e+12,13164,1.0,0.5,2014-12-20 11:52:02,1.85204552425e+12,752530690677.0,c_cld,804741412229.0,1.6.3,0.3,old,2.12665556913e+12,864111364063.0,
4,12,ASW0002dx7,0.16456,SW20,200,1.84481644542e+12,13165,1.0,0.5,2014-12-20 12:00:50,1.75637585869e+12,713657801993.0,c_cld,749593341884.0,1.6.3,0.3,old,1.96364932874e+12,797878003673.0,
5,8,ASW0000101,0.16456,----,200,2.49806772351e+14,FKWANV5CHI,1.0,0.5,2015-04-23 21:49:50,2.20030570439e+14,0.0,ad,0.0,2.0.0,0.0,new,2.88593642457e+14,0.0,
5,12,ASW000066w,0.16456,----,200,1.19413198195e+12,KEDFRTYJXH,1.0,0.5,2015-04-29 10:51:40,1.10585082987e+12,0.0,c_cld,0.0,2.0.0,0.0,new,1.31515687779e+12,0.0,
-2,11,ASW0004dv8,0.0,SW01,200,2.35111873999e+12,4979,2.0,0.32,2013-08-05 19:59:48,2.20378402302e+12,2.20378402302e+12,c_cld,2.35111873999e+12,0.0.0,0.0,old,2.49199948281e+12,2.49199948281e+12,
4,12,ASW0002dx7,0.16456,SW20,200,865803057300.0,13175,1.5,0.3,2014-12-20 15:04:07,807630890829.0,762520610776.0,c_cld,817443566809.0,1.6.3,0.3,old,924065701081.0,872451946535.0,
4,12,ASW0002dx7,0.16456,SW20,200,939519577806.0,13178,1.5,0.3,2014-12-20 16:02:25,873833530257.0,825025497136.0,c_cld,887042645892.0,1.6.3,0.3,old,1.00458952279e+12,948478104536.0,
5,8,ASW00019n9,0.16456,----,200,2.84459075938e+12,7SDAK7C7GP,1.0,0.5,2015-07-22 14:04:58,2.44217246688e+12,0.0,c_cld,0.0,2.0.0,0.0,new,3.17640675194e+12,0.0,
-2,12,ASW0004dv8,0.0,SW01,300,1.62087465842e+12,7040,0.7,0.25,2013-08-20 08:03:00,1.52439790198e+12,1.52439790198e+12,c_cld,1.62087465842e+12,0.0.0,0.0,old,1.7126112365e+12,1.7126112365e+12,
4,12,ASW0002dx7,0.16456,SW20,200,845983728997.0,13185,2.0,0.3,2014-12-20 16:35:07,789362440902.0,789362440902.0,c_cld,845983728997.0,1.6.3,0.3,old,899284201702.0,899284201702.0,
-1,8,ASW0002k40,0.0,SW44,200,1.16786019471e+13,899,1.0,0.5,2013-06-13 17:11:50,1.02121021704e+13,5.4992257563e+12,Capella05,6.28893714082e+12,,0.4,old,1.32013111489e+13,7.10891734882e+12,
5,10,ASW0002fq1,0.16456,----,200,2.11355517611e+12,YFTCUILJRN,1.0,0.5,2015-05-02 16:01:09,1.90655974933e+12,0.0,c_cld,0.0,2.0.0,0.0,new,2.31925920508e+12,0.0,
4,12,ASW0002dx7,0.16456,SW20,200,621259242126.0,13195,0.9,0.2,2014-12-20 17:45:09,592999651766.0,762499150696.0,c_cld,798836294544.0,1.6.3,0.3,old,666933857383.0,857566270587.0,
5,12,ASW0009ah7,0.16456,----,200,6.72356159521e+12,FEDADOFWJF,1.6,0.43,2015-05-17 10:07:37,6.10983873786e+12,6.10983873786e+12,c_cld,6.72356159521e+12,2.0.0,0.0,new,7.36080370805e+12,7.36080370805e+12,
5,12,ASW0008qsm,0.16456,SW29,200,914024272490.0,M6ANSGW2BE,1.0,0.5,2015-05-12 10:15:39,812484525681.0,928429739782.0,c_cld,1.0444596674e+12,2.0.0,0.8,new,970148316764.0,1.10859286647e+12,
4,11,ASW0006jh5,0.16456,SW27,200,440534684700.0,13217,1.0,0.5,2014-12-22 10:59:25,405586557980.0,394465543383.0,c_cld,428455407015.0,1.6.3,0.7,old,481780562082.0,468570339608.0,
4,12,ASW0006jh5,0.16456,SW27,200,407880969435.0,13218,1.0,0.5,2014-12-22 11:03:21,378257663702.0,367885996010.0,c_cld,396697043031.0,1.6.3,0.7,old,436522288985.0,424553029521.0,
-2,12,ASW0004dv8,0.0,SW01,200,4.33817661254e+12,7081,1.0,0.5,2013-08-21 07:03:47,4.1378677141e+12,0.0,Budgieye,0.0,0.0.0,0.0,old,4.56664647361e+12,0.0,
-2,8,ASW0004dv8,0.0,SW01,200,2.65559886107e+13,7084,1.0,0.5,2013-08-21 07:32:17,2.39967764143e+13,0.0,Budgieye,0.0,0.0.0,0.0,old,2.97459139021e+13,0.0,
4,8,ASW0004dv8,0.16456,SW01,200,7.74631264723e+12,9373,1.0,0.5,2013-09-14 19:03:04,6.49083700681e+12,0.0,ElisabethB,0.0,1.6.3,0.0,old,8.6322912076e+12,0.0,
5,11,ASW0000p5i,0.16456,----,200,1.50028437552e+12,CN5XYWWN4K,0.7,0.25,2015-04-30 17:55:21,1.40589791606e+12,1.40589791606e+12,c_cld,1.50028437552e+12,2.0.0,0.0,new,1.65659499838e+12,1.65659499838e+12,
4,9,ASW0001c3j,0.16456,SW43,200,2.40106331144e+12,13248,1.0,0.5,2015-01-28 13:41:31,2.10854874181e+12,3.27903830607e+12,c_cld,3.73393245192e+12,1.6.3,1.0,old,2.64045720615e+12,4.10621777567e+12,
4,11,ASW0001c3j,0.16456,SW43,200,1.905681855e+12,13251,1.0,0.5,2015-01-28 13:52:25,1.76552874916e+12,2.7456023587e+12,c_cld,2.96355672403e+12,1.6.3,1.0,old,2.07479950529e+12,3.22655432163e+12,
4,12,ASW0001c3j,0.16456,SW43,200,1.77097531637e+12,13252,1.0,0.5,2015-01-28 13:55:19,1.66205577722e+12,2.58468986381e+12,c_cld,2.7540724036e+12,1.6.3,1.0,old,1.89584651846e+12,2.94826163284e+12,
5,12,ASW0008qab,0.16456,----,200,480395835017.0,YE3SNH2S7J,1.0,0.5,2015-07-21 20:59:21,442220807565.0,0.0,c_cld,0.0,2.0.0,0.0,new,511469047751.0,0.0,
5,12,ASW000102p,0.16456,----,200,2.50607358035e+12,WM4H5RZXQZ,1.0,0.5,2015-07-07 09:39:45,2.3188416624e+12,0.0,psaha,0.0,2.0.0,0.0,new,2.68595364298e+12,0.0,
-2,8,ASW0006e0o,0.0,SW51,200,0.0,5068,1.0,0.5,2013-08-06 12:45:18,0.0,0.0,c_cld,0.0,0.0.0,0.0,old,0.0,0.0,
4,8,ASW0004dv8,0.16456,SW01,200,7.26448387887e+12,11214,1.0,0.5,2013-10-28 17:32:30,6.55178790263e+12,0.0,Phil,0.0,1.6.3,0.0,old,8.02096603962e+12,0.0,
4,11,ASW0002qtn,0.16456,SW11,200,604412835633.0,13266,1.0,0.5,2015-01-28 14:29:20,565078759354.0,645718052370.0,c_cld,690665279117.0,1.6.3,0.8,old,655002928587.0,748474806993.0,
4,12,ASW0002qtn,0.16456,SW11,200,563534339734.0,13267,1.0,0.5,2015-01-28 14:32:23,528748585587.0,604203398600.0,c_cld,643953237089.0,1.6.3,0.8,old,600037651655.0,685665736610.0,
4,11,ASW0002dx7,0.16456,SW20,200,2.12332974326e+12,13273,1.0,0.5,2015-01-28 15:11:22,1.93601655531e+12,786650142480.0,c_cld,862760000934.0,1.6.3,0.3,old,2.29652592447e+12,933133779632.0,
4,12,ASW0002dx7,0.16456,SW20,200,1.98888264303e+12,13274,1.0,0.5,2015-01-28 15:18:08,1.86224127516e+12,756673469768.0,c_cld,808130906846.0,1.6.3,0.3,old,2.13580542226e+12,867829169706.0,
-2,10,ASW0006e0o,0.0,SW51,200,4.7719968883e+12,5088,0.5,0.3,2013-08-06 16:06:30,4.32734670845e+12,4.32734670845e+12,c_cld,4.7719968883e+12,0.0.0,0.0,old,5.17801508477e+12,5.17801508477e+12,
5,12,ASW00097xm,0.16456,----,200,919038629450.0,43S62WJQ2F,0.8,0.19,2015-05-01 16:03:44,851556220873.0,851556220873.0,c_cld,919038629450.0,2.0.0,0.0,new,1.00948000333e+12,1.00948000333e+12,
5,12,ASW0002b6m,0.16456,----,200,1.43449505683e+12,QEO6G4TLRO,1.0,0.5,2015-07-14 09:46:18,1.35632009467e+12,0.0,L,0.0,2.0.0,0.0,new,1.52585443678e+12,0.0,
5,11,ASW0000p5i,0.16456,----,200,3.18308854856e+12,DGF4BEHAG6,1.4,0.6,2015-04-30 16:24:04,2.88246555757e+12,2.88246555757e+12,c_cld,3.18308854856e+12,2.0.0,0.0,new,3.46774269096e+12,3.46774269096e+12,
5,12,ASW00097xm,0.16456,----,200,803964375531.0,GG47VKE5TW,0.7,0.19,2015-05-01 15:31:01,739145620808.0,739145620808.0,c_cld,803964375531.0,2.0.0,0.0,new,863095402702.0,863095402702.0,
-2,8,ASW0004dv8,0.0,SW01,200,6.59096135517e+12,5130,1.0,0.5,2013-08-07 02:42:19,5.95335648897e+12,0.0,KhalilaRedBird,0.0,0.0.0,0.0,old,7.39250941245e+12,0.0,
5,8,ASW0008pag,0.16456,SW57,200,5.24796031721e+12,5SXGXQYY6V,1.0,0.5,2015-06-12 18:12:36,4.84349273302e+12,4.71068617836e+12,psaha,5.10406342975e+12,2.0.0,0.7,new,5.66522029548e+12,5.5098823131e+12,
-2,8,ASW0004dv8,0.0,SW01,200,956367801094.0,7185,1.0,0.5,2013-08-23 13:23:21,838653787346.0,0.0,c_cld,0.0,0.0.0,0.0,old,1.05763402877e+12,0.0,
-2,8,ASW0004dv8,0.0,SW01,200,2.77887720189e+12,7189,2.0,0.3,2013-08-23 19:38:48,2.41061462357e+12,0.0,test,0.0,0.0.0,0.0,old,3.10255399222e+12,0.0,
5,12,ASW0006hn5,0.16456,----,200,1.59935630912e+12,ZZVDL5LWAV,0.8,0.37,2015-04-27 17:17:08,1.49904053047e+12,1.49904053047e+12,c_cld,1.59935630912e+12,2.0.0,0.0,new,1.70507300844e+12,1.70507300844e+12,
-2,12,ASW0004dv8,0.0,SW01,300,5.58186791649e+12,7193,1.0,0.4,2013-08-24 09:13:24,5.20694668662e+12,0.0,c_cld,0.0,0.0.0,0.0,old,5.87522199744e+12,0.0,
5,12,ASW0006jh5,0.16456,SW27,200,435197055938.0,GSI5A6JUYX,1.0,0.5,2015-05-11 09:10:36,402423192396.0,391388915967.0,c_cld,423264133812.0,2.0.0,0.7,new,461749403136.0,449088426703.0,
5,12,ASW0008qsm,0.16456,SW29,200,1.83949510176e+12,NVEGH6GN5Z,1.6,0.8,2015-05-12 12:27:03,1.68254689902e+12,1.40859265823e+12,c_cld,1.53998637227e+12,2.0.0,0.8,new,2.01168018323e+12,1.68413607874e+12,
-2,12,ASW0004dv8,0.0,SW01,300,5.53697210388e+12,7200,1.0,0.4,2013-08-24 09:46:23,5.22005801067e+12,0.0,c_cld,0.0,0.0.0,0.0,old,5.9332781759e+12,0.0,
-2,12,ASW0004dv8,0.0,SW01,300,4.28431716691e+12,7202,1.8,0.4,2013-08-24 10:14:54,3.95881261724e+12,3.95881261724e+12,c_cld,4.28431716691e+12,0.0.0,0.0,old,4.59853930733e+12,4.59853930733e+12,
5,8,ASW0007sez,0.16456,SW54,200,2.81624443489e+12,SI4ELBAKL2,1.0,0.5,2015-04-29 17:06:08,2.50088832088e+12,1.68719109065e+12,ElisabethB,1.89994190462e+12,2.0.0,0.5,new,3.23382669044e+12,2.18165822729e+12,
5,12,ASW0005mp6,0.16456,----,200,1.02429376185e+12,4YZYCJGYPN,1.0,0.5,2015-04-24 16:07:48,939932073881.0,0.0,c_cld,0.0,2.0.0,0.0,new,1.10663537529e+12,0.0,
-2,11,ASW0004dv8,0.0,SW01,200,2.66216779971e+12,4741,0.65,0.25,2013-08-04 18:40:56,2.53504689855e+12,2.53504689855e+12,c_cld,2.66216779971e+12,0.0.0,0.0,old,2.87011228648e+12,2.87011228648e+12,
5,12,ASW0004nan,0.16456,SW15,200,1.51135483019e+12,4UFEW5R5W3,1.0,0.5,2015-05-12 20:10:59,1.39098329723e+12,565190006226.0,c_cld,614099858415.0,2.0.0,0.3,new,1.62188813489e+12,659012201571.0,
5,10,ASW000096t,0.16456,SW36,200,1.61603202896e+12,7IPP7LWVOF,1.0,0.5,2015-04-26 13:15:54,1.47767104622e+12,795727122700.0,Capella05,870234630288.0,2.0.0,0.4,new,1.73506701873e+12,934335074125.0,
4,11,ASW0009ab8,0.16456,SW22,200,2.27646839103e+12,11332,1.0,0.5,2013-11-20 12:01:49,2.15534931167e+12,1.16065744847e+12,c_cld,1.22588017633e+12,1.6.3,0.4,old,2.41569564132e+12,1.30085416974e+12,
4,12,ASW0009ab8,0.16456,SW22,200,2.119370054e+12,11333,1.0,0.5,2013-11-20 13:15:51,2.01511553086e+12,1.08514143752e+12,c_cld,1.14128258743e+12,1.6.3,0.4,old,2.20613156864e+12,1.1880037373e+12,
4,12,ASW0009ab8,0.16456,SW22,200,2.21757620081e+12,11334,1.0,0.5,2013-11-20 15:03:33,2.13124766695e+12,1.14767869216e+12,c_cld,1.19416668151e+12,1.6.3,0.4,old,2.3259415269e+12,1.25252150233e+12,
3,12,ASW0004dv8,0.16456,SW01,300,5.21607190342e+12,7242,1.1,0.4,2013-08-24 16:35:18,4.91315820042e+12,4.91315820042e+12,c_cld,5.21607190342e+12,1.6.1,0.0,old,5.6039416063e+12,5.6039416063e+12,
5,12,ASW0008qab,0.16456,----,200,441330979423.0,KWJWJZYPY6,1.0,0.5,2015-07-21 21:33:37,408448612510.0,0.0,c_cld,0.0,2.0.0,0.0,new,470001857512.0,0.0,
5,11,ASW0002e7v,0.16456,----,200,1.17761664161e+12,EVTAGNFHLH,1.0,0.5,2015-05-01 19:29:40,1.08139756582e+12,0.0,c_cld,0.0,2.0.0,0.0,new,1.29037882048e+12,0.0,
5,12,ASW0002bmc,0.16456,SW10,200,657331154767.0,VQYCYNONVW,1.0,0.5,2015-07-15 13:15:20,608668610015.0,695528371738.0,L,751135281572.0,2.0.0,0.8,new,709392786596.0,810626343573.0,
4,12,ASW0001ld7,0.16456,SW19,200,357868201663.0,13397,1.0,0.5,2015-01-29 17:27:21,328447297130.0,90284744768.4,c_cld,98372066173.8,1.6.3,0.2,old,378722591818.0,104104594067.0,
5,8,ASW0000w54,0.16456,----,200,2.42728497604e+12,JE3O2HRDRJ,1.0,0.5,2015-07-10 14:04:15,2.11295609522e+12,0.0,L,0.0,2.0.0,0.0,new,2.78903667516e+12,0.0,
5,12,ASW0002dx7,0.16456,SW20,200,2.17343366921e+12,YV2RNZLTBX,1.0,0.5,2015-06-12 19:51:49,2.07832540179e+12,844473653362.0,c_cld,883118432464.0,2.0.0,0.3,new,2.31895657254e+12,942247892036.0,
3,12,ASW0004dv8,0.16456,SW01,300,5.24356412503e+12,7258,1.1,0.4,2013-08-24 17:54:23,4.91556633596e+12,4.91556633596e+12,c_cld,5.24356412503e+12,1.6.1,0.0,old,5.63323339558e+12,5.63323339558e+12,
5,12,ASW0008qab,0.16456,----,200,421448160458.0,RRVJ4BKGDS,1.0,0.5,2015-07-21 20:34:38,393489842842.0,0.0,c_cld,0.0,2.0.0,0.0,new,453729920087.0,0.0,
4,11,ASW00050sk,0.16456,SW24,200,679376534780.0,13406,1.0,0.5,2015-01-29 18:50:37,614630367312.0,597777458477.0,c_cld,660748312983.0,1.6.3,0.7,old,748950969806.0,728415045961.0,
5,8,ASW0001hpf,0.16456,----,200,1.81579859143e+12,X2XNJLZM4T,1.0,0.5,2015-07-10 13:08:48,1.60790876448e+12,0.0,L,0.0,2.0.0,0.0,new,2.0476699835e+12,0.0,
4,11,ASW0004nan,0.16456,SW15,200,798408795761.0,13410,1.0,0.5,2015-01-30 13:54:38,734822400666.0,298576034691.0,c_cld,324412718073.0,1.6.3,0.3,old,855843334744.0,347749754189.0,
4,8,ASW0004dv8,0.16456,SW01,200,5.95429875364e+12,11363,1.0,0.5,2013-11-23 12:16:12,5.22737400334e+12,0.0,Capella05,0.0,1.6.3,0.0,old,6.64871109866e+12,0.0,
5,10,ASW00021r0,0.16456,SW31,200,4.1336078061e+12,SYTNGELH3Q,1.0,0.5,2015-05-02 17:24:01,3.83055924459e+12,3.72552690455e+12,Capella05,4.02026600064e+12,2.0.0,0.7,new,4.49586276879e+12,4.37258808305e+12,
4,8,ASW0004dv8,0.16456,SW01,200,6.97061988723e+12,11365,1.0,0.5,2013-11-23 13:00:29,6.16213537273e+12,0.0,Capella05,0.0,1.6.3,0.0,old,7.8066701997e+12,0.0,
4,8,ASW0004dv8,0.16456,SW01,200,7.18704207207e+12,11366,1.0,0.5,2013-11-23 13:36:50,6.37060097439e+12,0.0,Capella05,0.0,1.6.3,0.0,old,8.04227930994e+12,0.0,
4,12,ASW0004dv8,0.16456,SW01,200,4.38427349179e+12,11367,1.0,0.5,2013-11-23 13:46:12,4.08983311466e+12,0.0,Capella05,0.0,1.6.3,0.0,old,4.72639225534e+12,0.0,
4,12,ASW0004dv8,0.16456,SW01,200,4.38622946175e+12,11368,1.0,0.5,2013-11-23 13:57:27,4.14819800084e+12,0.0,Capella05,0.0,1.6.3,0.0,old,4.61111923554e+12,0.0,
4,12,ASW0004dv8,0.16456,SW01,300,7.86910128266e+12,11369,1.0,0.5,2013-11-23 14:04:13,7.40149022525e+12,0.0,Capella05,0.0,1.6.3,0.0,old,8.56545259641e+12,0.0,
4,12,ASW0004dv8,0.16456,SW01,200,3.78152350174e+12,11370,1.0,0.5,2013-11-23 14:12:28,3.57210660043e+12,0.0,Capella05,0.0,1.6.3,0.0,old,4.01184735834e+12,0.0,
4,12,ASW0004dv8,0.16456,SW01,300,5.03225946547e+12,11371,1.0,0.5,2013-11-23 14:25:16,4.75896176412e+12,0.0,Capella05,0.0,1.6.3,0.0,old,5.35836682541e+12,0.0,
4,12,ASW0004dv8,0.16456,SW01,200,3.65161323539e+12,11372,1.0,0.5,2013-11-23 14:34:06,3.4653159813e+12,0.0,Capella05,0.0,1.6.3,0.0,old,3.88457454518e+12,0.0,
4,12,ASW0009bp2,0.16456,SW16,200,2.23321682592e+12,13421,1.0,0.5,2015-01-30 17:55:20,2.05191364132e+12,1.10495725148e+12,c_cld,1.20258917152e+12,1.6.3,0.4,old,2.36775031415e+12,1.27503557003e+12,
4,12,ASW0004dv8,0.16456,SW01,300,7.96456502843e+12,11374,1.0,0.5,2013-11-23 14:56:03,7.40839152558e+12,0.0,Capella05,0.0,1.6.3,0.0,old,8.47831028034e+12,0.0,
4,8,ASW0004dv8,0.16456,SW01,200,5.94025386416e+12,11375,1.0,0.5,2013-11-23 16:27:35,5.32760616601e+12,0.0,rafik,0.0,1.6.3,0.0,old,6.75051193728e+12,0.0,
4,10,ASW0006jh5,0.16456,SW27,200,685751558894.0,13427,1.0,0.5,2015-01-30 21:35:31,606285109455.0,589661024116.0,c_cld,666948536589.0,1.6.3,0.7,old,742092285810.0,721744424224.0,
4,12,ASW0006jh5,0.16456,SW27,200,573034156547.0,13428,1.0,0.5,2015-01-30 21:36:59,533556037666.0,518926153203.0,c_cld,557321798496.0,1.6.3,0.7,old,616554940586.0,599649260753.0,
-2,8,ASW0004dv8,0.0,SW01,200,7.42006215089e+12,5237,1.0,0.5,2013-08-07 17:40:45,6.31507780139e+12,0.0,Capella05,0.0,0.0.0,0.0,old,8.4402708587e+12,0.0,
5,11,ASW0001c3j,0.16456,SW43,200,2.0913516559e+12,Q7LF3QLRU6,1.0,0.5,2015-05-13 17:17:04,1.91591820969e+12,2.97947544503e+12,c_cld,3.25229483918e+12,2.0.0,1.0,new,2.27473519762e+12,3.53747755565e+12,
4,8,ASW0008wmr,0.16456,SW40,200,1.68030116123e+12,13445,1.0,0.5,2015-04-17 13:59:39,1.4982851482e+12,0.0,psrk,0.0,1.6.3,0.0,old,1.8752066119e+12,0.0,
4,8,ASW0008wmr,0.16456,SW40,200,1.69122357814e+12,13448,1.0,0.5,2015-04-17 14:03:39,1.49339539702e+12,0.0,psrk,0.0,1.6.3,0.0,old,1.85762925408e+12,0.0,
4,11,ASW000619d,0.16456,SW02,200,1.18017000603e+12,11416,1.0,0.5,2013-11-28 10:35:37,1.08980643087e+12,1.05992439216e+12,c_cld,1.14781023571e+12,1.6.3,0.7,old,1.26674385083e+12,1.23201026171e+12,
4,12,ASW000619d,0.16456,SW02,200,1.1908654928e+12,11418,1.0,0.5,2013-11-28 10:46:48,1.10176652837e+12,1.07155654876e+12,c_cld,1.15821245667e+12,1.6.3,0.7,old,1.28980433808e+12,1.25443844e+12,
4,12,ASW000619d,0.16456,SW02,200,1.26875897312e+12,11419,1.0,0.5,2013-11-28 11:00:42,1.1789087692e+12,1.14658358146e+12,c_cld,1.23397013019e+12,1.6.3,0.7,old,1.35254934724e+12,1.31546300713e+12,
4,12,ASW000619d,0.16456,SW02,200,1.3227662191e+12,11421,1.0,0.5,2013-11-28 11:16:38,1.21889780796e+12,1.18547613742e+12,c_cld,1.28649651997e+12,1.6.3,0.7,old,1.43938262126e+12,1.39991534892e+12,
3,12,ASW00024id,0.16456,SW45,200,3.15204428333e+12,8048,1.0,0.5,2013-09-03 08:13:29,2.9874458429e+12,3.41376786741e+12,c_cld,3.60185524925e+12,1.6.1,0.8,old,3.29064394589e+12,3.7602337101e+12,
5,12,ASW0009cox,0.16456,----,200,1.79691635367e+12,CLH5R3M5SP,1.0,0.5,2015-04-26 15:13:39,1.63738593495e+12,0.0,ElisabethB,0.0,2.0.0,0.0,new,1.92492610421e+12,0.0,
4,8,ASW0004dv8,0.16456,SW01,200,7.47894372446e+12,9381,1.0,0.5,2013-09-14 19:16:30,6.76836224489e+12,0.0,ElisabethB,0.0,1.6.3,0.0,old,8.19909336727e+12,0.0,
3,12,ASW0004dv8,0.16456,SW01,300,4.82772335403e+12,7334,1.0,0.5,2013-08-25 10:03:13,4.58670566609e+12,0.0,psaha,0.0,1.6.1,0.0,old,5.04288868065e+12,0.0,
3,12,ASW0004dv8,0.16456,SW01,200,4.3442011161e+12,7335,1.0,0.5,2013-08-25 10:05:03,4.11364627637e+12,0.0,Capella05,0.0,1.6.1,0.0,old,4.67797589147e+12,0.0,
5,12,ASW0009cjs,0.16456,SW04,200,2.00265348175e+13,NJ5CC5YJAQ,1.0,0.5,2015-07-17 11:06:01,1.86522203667e+13,1.25834727447e+13,L,1.35106357363e+13,2.0.0,0.5,new,2.1560401811e+13,1.45454387317e+13,
5,12,ASW0004nan,0.16456,SW15,200,586459101255.0,SIXSETQH4U,0.9,0.3,2015-05-13 08:16:11,536756612378.0,424917018861.0,c_cld,464263405876.0,2.0.0,0.3,new,634828057973.0,502554117941.0,
3,12,ASW0004dv8,0.16456,SW01,200,3.76190649965e+12,7350,1.0,0.5,2013-08-25 13:20:16,3.48285442707e+12,0.0,Capella05,0.0,1.6.1,0.0,old,3.97696526508e+12,0.0,
-2,12,ASW0004dv8,0.0,SW01,200,2.04403579201e+12,5310,2.0,0.3,2013-08-08 17:39:33,1.91166918013e+12,1.91166918013e+12,c_cld,2.04403579201e+12,0.0.0,0.0,old,2.15130446855e+12,2.15130446855e+12,
5,12,ASW00024id,0.16456,SW45,200,7.21896155228e+12,EL3RTBLAWB,1.2,0.76,2015-04-28 10:51:43,6.80172839408e+12,4.33379370515e+12,c_cld,4.59963825669e+12,2.0.0,0.8,new,7.65493238358e+12,4.87742171625e+12,
5,11,ASW000066w,0.16456,----,200,1.34735672848e+12,6L6NTZUFHP,1.0,0.5,2015-04-29 10:43:28,1.19666946653e+12,0.0,c_cld,0.0,2.0.0,0.0,new,1.47164351936e+12,0.0,
5,8,ASW0000h2m,0.16456,----,200,4.67917580123e+12,QHOL7JWYFV,1.0,0.5,2015-07-06 13:50:37,4.00796643473e+12,0.0,rafik,0.0,2.0.0,0.0,new,5.27934888795e+12,0.0,
4,12,ASW000619d,0.16456,SW02,200,1.56371086674e+12,11486,1.0,0.5,2013-12-10 18:13:39,1.50271719772e+12,1.46151331766e+12,Phil,1.52083456566e+12,1.6.3,0.7,old,1.65356497557e+12,1.60822491223e+12,
4,8,ASW000619d,0.16456,SW02,200,2.65200489988e+12,11489,1.0,0.5,2013-12-10 18:23:03,2.4152003535e+12,2.34897656512e+12,psaha,2.57928802941e+12,1.6.3,0.7,old,2.9076296744e+12,2.82790367901e+12,
3,12,ASW00024id,0.16456,SW45,200,2.89812704248e+12,8059,1.0,0.5,2013-09-03 09:13:17,2.76014963544e+12,3.15403546381e+12,c_cld,3.31170287046e+12,1.6.1,0.8,old,3.05732830571e+12,3.49362287351e+12,
5,12,ASW0008qab,0.16456,----,200,426833934459.0,2GQJURWGZM,1.0,0.5,2015-07-22 13:21:42,399669051415.0,0.0,c_cld,0.0,2.0.0,0.0,new,452812258979.0,0.0,
5,12,ASW00042d9,0.16456,----,200,1.80589870507e+12,2KKAJDVL6U,1.0,0.48,2015-05-05 14:15:46,1.66711041281e+12,0.0,c_cld,0.0,2.0.0,0.0,new,1.97644372643e+12,0.0,
3,12,ASW0004dv8,0.16456,SW01,300,7.95579353779e+12,7403,1.0,0.5,2013-08-25 18:13:11,7.35253014617e+12,0.0,c_cld,0.0,1.6.1,0.0,old,8.47538201664e+12,0.0,
3,12,ASW0004dv8,0.16456,SW01,300,5.3569854725e+12,7405,1.1,0.4,2013-08-25 18:23:01,5.0450133279e+12,5.0450133279e+12,c_cld,5.3569854725e+12,1.6.1,0.0,old,5.66712483507e+12,5.66712483507e+12,
-2,11,ASW0004dv8,0.0,SW01,200,4.13566694757e+12,6696,1.0,0.5,2013-08-16 20:51:21,3.83954956511e+12,0.0,jasonjason,0.0,0.0.0,0.0,old,4.4081655003e+12,0.0,
5,12,ASW0002dx7,0.16456,SW20,200,2.12404859771e+12,FSWEUNRWOQ,1.0,0.5,2015-06-12 14:30:55,2.0183250094e+12,820094049226.0,c_cld,863052088803.0,2.0.0,0.3,new,2.22332256249e+12,903389491044.0,
4,10,ASW00024id,0.16456,SW45,200,3.92430328011e+12,13557,1.0,0.5,2015-04-21 10:57:36,3.58498800047e+12,4.09658199165e+12,c_cld,4.48431909534e+12,1.6.3,0.8,old,4.30962127962e+12,4.92462371494e+12,
4,11,ASW00024id,0.16456,SW45,200,3.80027260357e+12,13560,1.0,0.5,2015-04-21 11:14:16,3.53928504277e+12,4.04435701532e+12,c_cld,4.34258868066e+12,1.6.3,0.8,old,4.04586843693e+12,4.62323214949e+12,
4,11,ASW00024id,0.16456,SW45,200,3.57978568658e+12,13561,1.0,0.5,2015-04-21 11:17:58,3.30461872911e+12,3.77620275805e+12,c_cld,4.09063728406e+12,1.6.3,0.8,old,3.83349603087e+12,4.3805532412e+12,
4,11,ASW00024id,0.16456,SW45,200,3.64573266709e+12,13562,1.0,0.5,2015-04-21 11:24:09,3.32162656055e+12,3.79563768391e+12,c_cld,4.16599519675e+12,1.6.3,0.8,old,3.90536769299e+12,4.46268131436e+12,
3,12,ASW0004dv8,0.16456,SW01,200,3.76396053852e+12,7421,1.0,0.5,2013-08-26 09:30:09,3.60443782651e+12,0.0,Capella05,0.0,1.6.1,0.0,old,4.03804795658e+12,0.0,
3,12,ASW0004dv8,0.16456,SW01,300,5.04730287003e+12,7422,1.0,0.5,2013-08-26 15:55:59,4.69481294728e+12,0.0,Phil,0.0,1.6.1,0.0,old,5.42529777637e+12,0.0,
-1,8,ASW0002k40,0.0,SW44,200,1.15513913643e+13,896,1.0,0.5,2013-06-13 17:03:52,1.00028314717e+13,5.38653330602e+12,Capella05,6.22043413316e+12,,0.4,old,1.26803834485e+13,6.82839733644e+12,
3,12,ASW0004dv8,0.16456,SW01,300,4.98628142787e+12,7432,0.7,0.4,2013-08-26 17:02:51,4.69739431846e+12,4.69739431846e+12,c_cld,4.98628142787e+12,1.6.1,0.0,old,5.35248062593e+12,5.35248062593e+12,
5,12,ASW0005mp6,0.16456,----,200,1.03798812112e+12,O2IUZZQD7A,1.0,0.5,2015-04-24 17:01:10,968658582940.0,0.0,c_cld,0.0,2.0.0,0.0,new,1.10231616741e+12,0.0,
5,12,ASW0009ah7,0.16456,----,200,1.56402210183e+13,CP77WIBRJ2,0.6,0.43,2015-05-20 12:42:56,1.44933729363e+13,1.44933729363e+13,c_cld,1.56402210183e+13,2.0.0,0.0,new,1.67785990041e+13,1.67785990041e+13,
5,11,ASW00097xm,0.16456,----,200,977127562806.0,C6H3MBX3CI,0.6,0.19,2015-05-01 14:16:31,894696210257.0,894696210257.0,c_cld,977127562806.0,2.0.0,0.0,new,1.04818739557e+12,1.04818739557e+12,
4,12,ASW0006a07,0.16456,SW52,200,1.92556632682e+12,13589,1.1,0.6,2015-04-26 09:47:17,1.80885099476e+12,1.80885099476e+12,c_cld,1.92556632682e+12,1.6.3,0.0,old,2.09363814129e+12,2.09363814129e+12,
5,10,ASW0002owo,0.16456,----,200,1.83461708793e+12,LUDI4PUDNO,0.7,0.33,2015-05-02 14:45:47,1.675373423e+12,1.675373423e+12,c_cld,1.83461708793e+12,2.0.0,0.0,new,1.96320635139e+12,1.96320635139e+12,
5,12,ASW0000e28,0.16456,----,200,1.9249747438e+12,KAOIMYEL7D,1.0,0.5,2015-07-14 13:23:54,1.77966005344e+12,0.0,L,0.0,2.0.0,0.0,new,2.0597291433e+12,0.0,
4,10,ASW00024id,0.16456,SW45,200,2.68652566145e+12,13599,1.3,0.66,2015-04-26 20:50:22,2.47383938441e+12,2.30411979839e+12,c_cld,2.50221457562e+12,1.6.3,0.8,old,2.94775021476e+12,2.74551762468e+12,
4,12,ASW00024id,0.16456,SW45,200,2.35964589189e+12,13600,1.3,0.66,2015-04-26 20:53:58,2.19154092416e+12,2.04118863341e+12,c_cld,2.19776063513e+12,1.6.3,0.8,old,2.52592456483e+12,2.35263163637e+12,
5,12,ASW0000h2m,0.16456,----,200,2.87690198929e+12,2LPJNLJ5FH,1.0,0.5,2015-07-06 13:54:23,2.70944020306e+12,0.0,Lucy,0.0,2.0.0,0.0,new,3.00824851025e+12,0.0,
3,12,ASW0004dv8,0.16456,SW01,300,5.09754023226e+12,7459,0.7,0.4,2013-08-26 17:19:32,4.78185542883e+12,4.78185542883e+12,c_cld,5.09754023226e+12,1.6.1,0.0,old,5.37415805773e+12,5.37415805773e+12,
5,10,ASW0005ks6,0.16456,----,200,5.62266491169e+12,I4TFCVDWML,1.0,0.5,2015-05-01 16:19:34,5.00285696547e+12,0.0,c_cld,0.0,2.0.0,0.0,new,6.21067778016e+12,0.0,
4,11,ASW00024id,0.16456,SW45,200,2.65741816156e+12,13606,1.1,0.63,2015-04-26 21:14:25,2.45147382984e+12,2.04859075245e+12,c_cld,2.2206895317e+12,1.6.3,0.8,old,2.86075160437e+12,2.39060650391e+12,
5,9,ASW0008qab,0.16456,----,200,588205925983.0,4WTOAVW7ZW,1.0,0.5,2015-07-21 20:09:19,517622491393.0,0.0,c_cld,0.0,2.0.0,0.0,new,654512529205.0,0.0,
4,10,ASW00024id,0.16456,SW45,200,2.93629708291e+12,13611,1.1,0.63,2015-04-26 21:26:00,2.65894937957e+12,2.22196910443e+12,c_cld,2.45373659603e+12,1.6.3,0.8,old,3.16477238911e+12,2.64466353711e+12,
4,9,ASW00024id,0.16456,SW45,200,3.42138278615e+12,13614,1.1,0.63,2015-04-26 21:41:53,2.95892854158e+12,2.47264872815e+12,c_cld,2.85910175789e+12,1.6.3,0.8,old,3.7040078952e+12,3.09527934941e+12,
4,9,ASW00024id,0.16456,SW45,200,3.58907535558e+12,13615,1.1,0.63,2015-04-26 21:45:40,3.22822368468e+12,2.69768704311e+12,c_cld,2.99923519223e+12,1.6.3,0.8,old,3.91371201742e+12,3.27052002312e+12,
3,12,ASW0004dv8,0.16456,SW01,300,5.10184496529e+12,7479,1.0,0.5,2013-08-26 20:00:40,4.87763193961e+12,0.0,ElisabethB,0.0,1.6.1,0.0,old,5.41421949922e+12,0.0,
5,12,ASW0000p5i,0.16456,----,200,1.19943763392e+12,FYDZNC6QCI,0.8,0.25,2015-04-30 18:16:25,1.08187652617e+12,1.08187652617e+12,c_cld,1.19943763392e+12,2.0.0,0.0,new,1.28826160531e+12,1.28826160531e+12,
5,12,ASW0008qab,0.16456,----,200,451973190124.0,XX434D6LGU,1.0,0.5,2015-07-21 20:47:11,426206303637.0,0.0,c_cld,0.0,2.0.0,0.0,new,486994065921.0,0.0,
5,8,ASW0003s0m,0.16456,SW33,200,1.58900440466e+12,ECXCIRBDUJ,1.0,0.5,2015-06-12 10:34:33,1.39556163454e+12,1.14167328982e+12,psaha,1.29992387387e+12,2.0.0,0.6,new,1.76468231377e+12,1.44364147937e+12,
5,10,ASW0004m3x,0.16456,SW21,200,9.34273553782e+12,VTGDU6KOBA,1.0,0.5,2015-04-26 11:03:39,8.43480091546e+12,5.69042641253e+12,Capella05,6.30295244695e+12,2.0.0,0.5,new,1.01524950887e+13,6.84924597328e+12,
5,12,ASW00018yo,0.16456,----,200,1.03425787775e+12,DU2AKRBJYL,0.7,0.3,2015-05-20 16:55:41,945283648474.0,945283648474.0,c_cld,1.03425787775e+12,2.0.0,0.0,new,1.12993019619e+12,1.12993019619e+12,
5,11,ASW00099ed,0.16456,SW08,200,1.7721554534e+12,ZFLBBEULHS,1.0,0.5,2015-05-11 13:38:16,1.61297684129e+12,1.84315592691e+12,c_cld,2.02505004643e+12,2.0.0,0.8,new,1.92339137491e+12,2.1978680175e+12,
5,12,ASW0006hn5,0.16456,----,200,1.26940625441e+12,3CZKRVCD4A,0.8,0.37,2015-04-27 15:55:34,1.16959382292e+12,1.16959382292e+12,c_cld,1.26940625441e+12,2.0.0,0.0,new,1.36097565076e+12,1.36097565076e+12,
5,12,ASW0002jo0,0.16456,----,200,2.34616958628e+12,YE4PNVQTQN,1.0,0.5,2015-07-14 14:46:48,2.21240754888e+12,0.0,L,0.0,2.0.0,0.0,new,2.49162501577e+12,0.0,
5,8,ASW0005ma2,0.01,SW26,200,7165824740.12,ENWYZIEIV6,1.0,0.5,2015-04-24 06:06:35,6346303553.63,7251949754.9,psaha,8188420318.79,2.0.0,0.8,new,8296214464.41,9480121765.9,
-2,12,ASW0004dv8,0.0,SW01,200,6.62966097264e+12,5505,1.0,0.5,2013-08-08 21:59:17,6.24022950295e+12,0.0,ElisabethB,0.0,0.0.0,0.0,old,6.98114496373e+12,0.0,
5,10,ASW0006mea,0.16456,SW03,200,8.99318665792e+12,XZDGINWFYY,1.0,0.5,2015-04-25 15:27:41,7.98933587497e+12,0.0,Capella05,0.0,2.0.0,0.0,new,1.04030259873e+13,0.0,
5,10,ASW0004m3x,0.16456,SW21,200,9.36217627072e+12,HOHZKGVFHT,1.0,0.5,2015-04-25 09:46:13,8.40521119199e+12,5.67046409858e+12,Capella05,6.31606787921e+12,2.0.0,0.5,new,1.0016845141e+13,6.7577315377e+12,
5,12,ASW00077jj,0.16456,----,200,2.4330861307e+12,GW3RRTRLW4,1.4,0.7,2015-04-30 15:04:56,2.25993236215e+12,2.25993236215e+12,c_cld,2.4330861307e+12,2.0.0,0.0,new,2.59945535847e+12,2.59945535847e+12,
5,12,ASW0007sez,0.16456,SW54,200,911769690968.0,CCZG2QBCV3,1.0,0.5,2015-04-25 08:00:51,832742218583.0,561798477871.0,c_cld,615113312529.0,2.0.0,0.5,new,985461824775.0,664828731874.0,
-2,12,ASW0004dv8,0.0,SW01,200,6.15972939132e+12,5515,1.0,0.5,2013-08-08 22:40:34,5.76176398857e+12,0.0,ElisabethB,0.0,0.0.0,0.0,old,6.488947375e+12,0.0,
-2,12,ASW0004dv8,0.0,SW01,200,6.28254563397e+12,5520,1.0,0.5,2013-08-08 23:16:54,5.91282999233e+12,0.0,ElisabethB,0.0,0.0.0,0.0,old,6.68337540064e+12,0.0,
-2,12,ASW0004dv8,0.0,SW01,200,8.14621856464e+12,5523,1.0,0.5,2013-08-08 23:50:33,7.64054920491e+12,0.0,ElisabethB,0.0,0.0.0,0.0,old,8.60140298319e+12,0.0,
5,12,ASW0001ld7,0.16456,SW19,200,489742550413.0,OS3CYAKLRT,1.0,0.5,2015-07-15 10:19:27,457703213769.0,125815064383.0,L,134622149589.0,2.0.0,0.2,new,519147397450.0,142705057053.0,
5,11,ASW0009auu,0.16456,----,200,1.81513499251e+12,4NKLOD4KQD,1.0,0.5,2015-05-05 14:40:30,1.6644367688e+12,0.0,c_cld,0.0,2.0.0,0.0,new,1.99085950766e+12,0.0,
-2,12,ASW0004dv8,0.0,SW01,200,6.4483978321e+12,5529,1.0,0.5,2013-08-09 00:39:22,5.9529303793e+12,0.0,ElisabethB,0.0,0.0.0,0.0,old,6.88828311753e+12,0.0,
5,12,ASW0001csb,0.16456,----,200,1.59241456993e+12,B4PYYG5JSO,0.9,0.29,2015-05-05 15:38:38,1.43744726063e+12,1.43744726063e+12,c_cld,1.59241456993e+12,2.0.0,0.0,new,1.71527312561e+12,1.71527312561e+12,
5,11,ASW0002owo,0.16456,----,200,1.67152512001e+12,TZX62BK77W,0.7,0.33,2015-05-02 14:50:31,1.55461524983e+12,1.55461524983e+12,c_cld,1.67152512001e+12,2.0.0,0.0,new,1.78917718775e+12,1.78917718775e+12,
-1,8,ASW0004dv8,0.0,SW01,200,4.29945716068e+12,1447,1.03,0.36,2013-06-20 15:06:58,3.85374173369e+12,0.0,jasonjason,0.0,,0.0,old,4.81894379965e+12,0.0,
5,8,ASW00019n9,0.16456,----,200,2.75588030931e+12,VHQZEMID6N,1.0,0.5,2015-07-22 13:58:02,2.48046128653e+12,0.0,c_cld,0.0,2.0.0,0.0,new,3.02058931441e+12,0.0,
5,8,ASW00008a0,0.16456,SW50,200,5.74730827967e+12,O5OPB5YJL4,1.0,0.5,2015-04-26 19:08:16,4.93885152935e+12,0.0,ElisabethB,0.0,2.0.0,0.0,new,6.37694117242e+12,0.0,
5,8,ASW0000100,0.16456,----,200,2.44774650389e+14,2A4RPZLJXW,1.0,0.5,2015-04-23 18:29:38,2.16123032008e+14,0.0,r,0.0,2.0.0,0.0,new,2.76294072484e+14,0.0,
4,12,ASW0008swn,0.16456,SW06,200,1.08533538889e+12,11707,1.0,0.5,2013-12-15 18:57:47,1.02514034853e+12,691597320942.0,c_cld,732207105452.0,1.6.3,0.5,old,1.1610425659e+12,783281946931.0,
5,12,ASW0005ma2,0.16456,SW26,200,1.09996560845e+12,ANLNZDLGFF,1.0,0.5,2015-04-24 06:10:11,1.01263370756e+12,1.15714111456e+12,psaha,1.25693567242e+12,2.0.0,0.8,new,1.17641203415e+12,1.3442913486e+12,
4,12,ASW00096rm,0.16456,SW42,200,618972093436.0,11717,1.0,0.5,2013-12-16 21:04:12,580590155181.0,81728525721.4,c_cld,87131475116.8,1.6.3,0.1,old,657673113964.0,92579341091.6,
5,12,ASW00019n9,0.16456,----,200,1.69623501373e+12,IF7FQYSR66,1.0,0.5,2015-07-22 14:57:21,1.59797594758e+12,0.0,c_cld,0.0,2.0.0,0.0,new,1.8102321e+12,0.0,
5,12,ASW0007t5y,0.16456,SW55,200,1.25125536495e+12,VDDLM6H2JN,1.0,0.5,2015-07-15 12:43:33,1.17460619553e+12,0.0,L,0.0,2.0.0,0.0,new,1.33874840411e+12,0.0,
5,10,ASW0004wgd,0.16456,SW35,200,1.09449299232e+12,VWJ2LNN3VZ,1.0,0.5,2015-04-24 18:31:29,998843639768.0,1.14138314176e+12,ElisabethB,1.25068208924e+12,2.0.0,0.8,new,1.17125686896e+12,1.33840051803e+12,
5,12,ASW0004nan,0.16456,SW15,200,658366142218.0,Q5MDRLCQKJ,1.0,0.3,2015-05-13 08:52:33,614269977814.0,509946340101.0,c_cld,546553497316.0,2.0.0,0.3,new,715061049652.0,593619708579.0,
-2,12,ASW0004dv8,0.0,SW01,200,4.55788863917e+12,5593,1.0,0.5,2013-08-10 08:33:36,4.32163998488e+12,0.0,Capella05,0.0,0.0.0,0.0,old,4.85737644488e+12,0.0,
-2,12,ASW0004dv8,0.0,SW01,200,4.44812258752e+12,5594,1.0,0.5,2013-08-10 08:44:16,4.19399187461e+12,0.0,Capella05,0.0,0.0.0,0.0,old,4.75231233095e+12,0.0,
5,8,ASW0004xjk,0.16456,SW14,200,1.62342797366e+12,P5W2HUVWX3,1.0,0.5,2015-04-27 17:55:17,1.42887121667e+12,0.0,ElisabethB,0.0,2.0.0,0.0,new,1.78788313689e+12,0.0,
-2,9,ASW0004dv8,0.0,SW01,200,3.13937909761e+12,4538,0.7,0.2,2013-08-03 20:21:58,2.83443245099e+12,2.83443245099e+12,c_cld,3.13937909761e+12,0.0.0,0.0,old,3.4567622464e+12,3.4567622464e+12,
5,9,ASW0005ire,0.16456,----,200,1.01463631494e+12,Q5UOKUQKVR,1.1,0.44,2015-05-03 14:07:43,913619623573.0,913619623573.0,c_cld,1.01463631494e+12,2.0.0,0.0,new,1.11759792074e+12,1.11759792074e+12,
4,12,ASW0009cjs,0.16456,SW04,200,9.16944309923e+12,11763,1.0,0.5,2013-12-20 12:24:29,8.46883844531e+12,5.71338937998e+12,c_cld,6.1860430048e+12,1.6.3,0.5,old,9.78929323822e+12,6.60421666866e+12,
5,11,ASW0001ld7,0.16456,SW19,200,395302004555.0,2VR4GPC2FU,1.0,0.5,2015-05-11 07:19:34,355557101184.0,97736782770.0,c_cld,108662001178.0,2.0.0,0.2,new,433701222920.0,119217312973.0,
5,8,ASW0005ma2,0.16456,SW26,200,2.00836680163e+12,5ZZKUM3SWL,1.0,0.5,2015-06-12 18:26:24,1.67721277136e+12,1.91655861453e+12,psaha,2.29496982168e+12,2.0.0,0.8,new,2.23695219339e+12,2.55617538201e+12,
-2,8,ASW0004dv8,0.0,SW01,200,5.49781553753e+12,4552,1.0,0.5,2013-08-04 06:23:58,4.86953640813e+12,0.0,Budgieye,0.0,0.0.0,0.0,old,6.31146574084e+12,0.0,
5,12,ASW0009c7u,0.16456,----,200,1.69754393601e+14,G6ZROJRJZH,1.0,0.61,2015-05-07 15:45:46,1.58995432451e+14,0.0,c_cld,0.0,2.0.0,0.0,new,1.82112312597e+14,0.0,
5,12,ASW0008qsm,0.16456,SW29,200,1.01785510861e+12,IQ5R47PZ57,1.0,0.5,2015-05-12 08:20:55,917070776189.0,1.04794092095e+12,c_cld,1.16310763314e+12,2.0.0,0.8,new,1.07877559147e+12,1.23272174425e+12,
5,10,ASW00071fc,0.16456,----,200,4.87187043979e+12,C7Y3NFNN22,1.0,0.33,2015-05-03 16:19:54,4.37099808653e+12,0.0,c_cld,0.0,2.0.0,0.0,new,5.25085469961e+12,0.0,
5,12,ASW0007xrs,0.16456,SW28,200,1.21582389098e+12,JHC3J2HYV7,1.0,0.5,2015-07-15 13:01:08,1.13944024484e+12,1.10819726761e+12,L,1.18248650596e+12,2.0.0,0.7,new,1.29262037423e+12,1.25717726161e+12,
5,12,ASW0001gve,0.16456,----,200,1.30366249371e+12,ULOCQSOGZW,1.0,0.5,2015-07-14 14:20:25,1.19021579106e+12,0.0,L,0.0,2.0.0,0.0,new,1.43727279547e+12,0.0,
-2,12,ASW0004dv8,0.0,SW01,200,7.82179545687e+12,5653,1.0,0.5,2013-08-10 13:45:11,7.37795942134e+12,0.0,ElisabethB,0.0,0.0.0,0.0,old,8.27490308527e+12,0.0,
5,12,ASW0008qsm,0.16456,SW29,200,921299654147.0,TOFS7JNGEK,1.8,0.6,2015-05-20 09:23:48,851365182120.0,1.13461101595e+12,psaha,1.22781241063e+12,2.0.0,0.8,new,989014708306.0,1.31805599588e+12,
5,8,ASW0009cp0,0.16456,SW38,200,3.11707732615e+12,Z6IFI4SLLM,1.0,0.5,2015-07-16 14:19:53,2.80908799843e+12,3.20995755238e+12,Lucy,3.56189834923e+12,2.0.0,0.8,new,3.47665603573e+12,3.9727905659e+12,
5,12,ASW00077jj,0.16456,----,200,1.80501227779e+12,VXQQW2Z7ZW,1.0,0.5,2015-04-30 14:41:45,1.65970531993e+12,0.0,c_cld,0.0,2.0.0,0.0,new,1.98401976782e+12,0.0,
5,8,ASW0007xrs,0.16456,SW28,200,2.58376303567e+12,IFLLZMWFVT,1.0,0.5,2015-06-12 10:28:49,2.18023820692e+12,2.1204569828e+12,psaha,2.51291732871e+12,2.0.0,0.7,new,3.09155983993e+12,3.00679055596e+12,
5,12,ASW0000p5i,0.16456,----,200,2.87841804684e+12,MMTTM4PJ6Y,1.4,0.6,2015-04-30 16:30:54,2.71215505727e+12,2.71215505727e+12,c_cld,2.87841804684e+12,2.0.0,0.0,new,3.1009753218e+12,3.1009753218e+12,
5,12,ASW0001a8c,0.16456,----,200,1.25855660445e+12,FNWW7WRTUH,1.0,0.5,2015-07-14 14:01:54,1.1712809692e+12,0.0,L,0.0,2.0.0,0.0,new,1.34518884626e+12,0.0,
5,9,ASW00021r0,0.16456,SW31,200,6.34860370439e+12,ZDL2LQ65WA,1.0,0.5,2015-04-25 08:18:26,5.73849579254e+12,5.58114862652e+12,c_cld,6.17452763339e+12,2.0.0,0.7,new,7.03691811283e+12,6.84396874725e+12,
5,12,ASW00054e9,0.16456,----,200,1.3941236593e+12,K6364LIPQX,1.0,0.5,2015-07-13 15:58:14,1.29856244258e+12,0.0,L,0.0,2.0.0,0.0,new,1.48050003716e+12,0.0,
5,12,ASW0006hn5,0.16456,----,200,1.43923718502e+12,YSEA3OAPBP,0.8,0.37,2015-04-27 16:18:17,1.32230676434e+12,1.32230676434e+12,c_cld,1.43923718502e+12,2.0.0,0.0,new,1.54351983988e+12,1.54351983988e+12,
5,12,ASW0001c3j,0.16456,SW43,200,1.84264929849e+12,5R6UYQZUTI,1.0,0.5,2015-07-15 14:41:54,1.7039901672e+12,2.64990271299e+12,L,2.86553377429e+12,2.0.0,1.0,new,2.00523708455e+12,3.11837667425e+12,
5,10,ASW0004m3x,0.16456,SW21,200,722761331900.0,HL5TKHE7CT,1.0,0.57,2015-04-27 08:17:52,647349009926.0,343745455664.0,c_cld,383789763421.0,2.0.0,0.5,new,816854177579.0,433753519628.0,
5,8,ASW0000h2m,0.16456,----,200,4.59334615684e+12,2SBWQKX22V,1.0,0.5,2015-07-06 15:58:45,3.96785397535e+12,0.0,psaha,0.0,2.0.0,0.0,new,5.14752006709e+12,0.0,
5,12,ASW0002fq1,0.16456,----,200,1.2141829252e+12,7LK5DSWGIT,0.8,0.36,2015-05-11 10:26:12,1.14222623265e+12,1.14222623265e+12,c_cld,1.2141829252e+12,2.0.0,0.0,new,1.30978074923e+12,1.30978074923e+12,
5,8,ASW00008a0,0.16456,SW50,200,5.45752100205e+12,ZQTCPBN3ZE,1.0,0.5,2015-04-26 18:55:19,4.89280751408e+12,0.0,ElisabethB,0.0,2.0.0,0.0,new,6.21045816629e+12,0.0,
5,10,ASW0004nan,0.16456,SW15,200,715981727800.0,J2QKURZAH4,0.9,0.3,2015-05-13 07:59:01,644881558719.0,510512852808.0,c_cld,566798460083.0,2.0.0,0.3,new,788689021900.0,624356328856.0,
5,10,ASW0001c3j,0.16456,SW43,200,2.32527020863e+12,7QU6SIA6YH,1.0,0.5,2015-05-13 17:12:23,2.14064579104e+12,3.32895294728e+12,c_cld,3.61606536992e+12,2.0.0,1.0,new,2.52045061339e+12,3.9195935792e+12,
5,12,ASW0007k2y,0.16456,----,200,1.87166164522e+12,PHK4X2KA62,1.1,0.41,2015-05-01 18:07:27,1.74502254619e+12,1.74502254619e+12,c_cld,1.87166164522e+12,2.0.0,0.0,new,1.99758299694e+12,1.99758299694e+12,
3,12,ASW0004dv8,0.16456,SW01,300,5.15144621712e+12,7820,1.0,0.5,2013-08-30 16:27:31,4.80706761921e+12,0.0,c_cld,0.0,1.6.1,0.0,old,5.51006938731e+12,0.0,
5,12,ASW0002qtn,0.16456,SW11,200,607116707383.0,FFIENOES3L,1.0,0.5,2015-05-11 10:34:31,553258789401.0,632211319280.0,c_cld,693755005587.0,2.0.0,0.8,new,660928503497.0,755245988226.0,
5,10,ASW00021r0,0.16456,SW31,200,3.86996723071e+12,UHUIOLRHVW,1.0,0.5,2015-05-02 16:59:13,3.4736767962e+12,3.37843002435e+12,Capella05,3.7638543401e+12,2.0.0,0.7,new,4.26130823021e+12,4.14446493228e+12,
5,8,ASW00096rm,0.16456,SW42,200,1.39373699451e+12,57KRFQ2GZO,1.0,0.5,2015-07-15 15:13:45,1.24909595515e+12,175832762557.0,Lucy,196193595066.0,2.0.0,0.1,new,1.61194931595e+12,226910911173.0,
5,12,ASW0002dx7,0.16456,SW20,200,2.16601615879e+12,L5352F4RMU,1.0,0.5,2015-06-12 19:40:23,2.0400923871e+12,828938658907.0,c_cld,880104519381.0,2.0.0,0.3,new,2.30131301581e+12,935078890109.0,
5,9,ASW0001ld7,0.16456,SW19,200,527641662729.0,UGI3TARELE,1.0,0.5,2015-05-11 07:16:41,467005505173.0,128372110863.0,c_cld,145039990479.0,2.0.0,0.2,new,605463885024.0,166432035835.0,
-2,12,ASW0004dv8,0.0,SW01,200,2.61319820997e+12,5811,1.1,0.36,2013-08-11 07:29:58,2.47947697773e+12,2.47947697773e+12,c_cld,2.61319820997e+12,0.0.0,0.0,old,2.74877359354e+12,2.74877359354e+12,
5,12,ASW0000p5i,0.16456,----,200,3.10274284557e+12,GJLT3NLM6W,1.4,0.6,2015-04-30 16:42:16,2.95558921101e+12,2.95558921101e+12,c_cld,3.10274284557e+12,2.0.0,0.0,new,3.25870943854e+12,3.25870943854e+12,
5,8,ASW0003r6c,0.16456,SW47,200,6.52027930718e+12,4HC3CREEAD,1.0,0.5,2015-06-12 10:23:02,5.251439181e+12,3.54281369754e+12,psaha,4.39881983683e+12,2.0.0,0.5,new,7.53453847352e+12,5.08307631273e+12,
5,12,ASW0009ah7,0.16456,----,200,1.09892958433e+13,R3TLPNI6AW,0.8,0.43,2015-05-17 09:41:07,1.00099905074e+13,1.00099905074e+13,c_cld,1.09892958433e+13,2.0.0,0.0,new,1.19592423409e+13,1.19592423409e+13,
5,8,ASW0000101,0.16456,----,200,8.39836436371e+13,GTSHA64I2Z,1.0,0.5,2015-04-23 21:45:36,7.63895089455e+13,0.0,rk,0.0,2.0.0,0.0,new,9.50498017498e+13,0.0,
5,8,ASW0000h2m,0.16456,----,200,4.76469499968e+12,KJBFGDJFPJ,1.0,0.5,2015-07-09 13:18:12,4.29728220106e+12,0.0,psaha,0.0,2.0.0,0.0,new,5.33814559441e+12,0.0,
4,12,ASW0004dv8,0.16456,SW01,300,5.22404407939e+12,9934,1.0,0.5,2013-10-01 21:04:19,4.93353499268e+12,0.0,c_cld,0.0,1.6.3,0.0,old,5.4862427817e+12,0.0,
4,12,ASW0004dv8,0.16456,SW01,300,5.24461229935e+12,9935,1.0,0.5,2013-10-01 21:18:10,4.9385801391e+12,0.0,c_cld,0.0,1.6.3,0.0,old,5.59616672675e+12,0.0,
5,12,ASW0001a2m,0.16456,----,200,1.75501731446e+12,XU65KDTCQP,1.0,0.5,2015-07-14 13:54:54,1.6496760688e+12,0.0,L,0.0,2.0.0,0.0,new,1.86728638217e+12,0.0,
5,10,ASW0007t5y,0.16456,SW55,200,1.55821027293e+12,G7O3HCHKYL,1.0,0.5,2015-04-30 10:33:10,1.42125674477e+12,0.0,c_cld,0.0,2.0.0,0.0,new,1.69244991053e+12,0.0,
-1,8,ASW00024id,0.0,SW45,200,4.58777758475e+12,1750,1.0,0.5,2013-06-22 22:54:14,4.0959787435e+12,4.68049342329e+12,Tom Collett,5.24247418204e+12,,0.8,old,5.22455570888e+12,5.9701234226e+12,
4,12,ASW0004dv8,0.16456,SW01,300,5.22895156936e+12,9951,1.0,0.5,2013-10-02 08:48:34,4.9312334373e+12,0.0,c_cld,0.0,1.6.3,0.0,old,5.57389900442e+12,0.0,
5,12,ASW0002fq1,0.16456,----,200,1.69049785137e+12,J3NRKG7D7H,1.0,0.5,2015-05-11 10:13:31,1.57242261449e+12,0.0,c_cld,0.0,2.0.0,0.0,new,1.81469529224e+12,0.0,
5,12,ASW0002owo,0.16456,----,200,1.4988269535e+12,MRA2TDF4QD,0.7,0.33,2015-05-02 14:57:05,1.40980003631e+12,1.40980003631e+12,c_cld,1.4988269535e+12,2.0.0,0.0,new,1.60675680733e+12,1.60675680733e+12,
5,12,ASW0006jh5,0.16456,SW27,200,566354863455.0,5URN3BQFSV,1.0,0.5,2015-07-15 13:12:32,534276294702.0,519626661091.0,L,550825648841.0,2.0.0,0.7,new,597767822228.0,581377277360.0,
4,8,ASW0004dv8,0.16456,SW01,200,6.98474498579e+12,9964,1.0,0.5,2013-10-02 18:58:13,6.31294974708e+12,0.0,Phil,0.0,1.6.3,0.0,old,7.81219338775e+12,0.0,
-1,12,ASW00024id,0.0,SW45,200,3.18236242911e+12,1774,1.0,0.5,2013-06-23 08:50:33,3.0188222192e+12,3.44962179442e+12,jasonjason,3.63649993146e+12,,0.8,old,3.40273778404e+12,3.88832384559e+12,
5,10,ASW0008qsm,0.16456,SW29,200,691329024136.0,EYVRGDM2OE,1.0,0.5,2015-04-25 08:07:11,647308942080.0,739682853836.0,Capella05,789984800565.0,2.0.0,0.8,new,752169720105.0,859507738838.0,
5,11,ASW00021r0,0.16456,SW31,200,5.15525800187e+12,EPEDEGOBNV,1.0,0.5,2015-04-26 10:43:03,4.86577003938e+12,4.73235265025e+12,Capella05,5.0139029733e+12,2.0.0,0.7,new,5.50560317429e+12,5.35464182692e+12,
-2,8,ASW0006e0o,0.0,SW51,200,2.34196071831e+12,5075,0.8,0.2,2013-08-06 12:59:36,2.02976608302e+12,2.02976608302e+12,c_cld,2.34196071831e+12,0.0.0,0.0,old,2.62279151915e+12,2.62279151915e+12,
5,8,ASW0004nan,0.16456,SW15,200,1.27197175963e+12,CGMKAY56PH,0.9,0.3,2015-05-12 20:29:48,1.04926427816e+12,830637646174.0,c_cld,1.00694138779e+12,2.0.0,0.3,new,1.50129395628e+12,1.1884815904e+12,
5,12,ASW00019rw,0.16456,----,200,1.44718809371e+12,JN5VBMXBXA,1.0,0.5,2015-07-14 13:00:18,1.36060271496e+12,0.0,L,0.0,2.0.0,0.0,new,1.54096601379e+12,0.0,
5,12,ASW0002dx7,0.16456,SW20,200,2.14317146141e+12,AH6642ORPC,1.0,0.5,2015-06-12 14:43:17,2.0320816117e+12,825683687977.0,c_cld,870822168774.0,2.0.0,0.3,new,2.25352105102e+12,915659864066.0,
5,12,ASW0008qsm,0.16456,SW29,200,1.71148844673e+12,OTZBMJ5MB7,1.6,0.8,2015-05-12 12:50:19,1.54788178691e+12,1.29585387612e+12,c_cld,1.43282190952e+12,2.0.0,0.8,new,1.85389735832e+12,1.55204363669e+12,
4,8,ASW0004dv8,0.16456,SW01,200,7.55998803107e+12,10004,1.0,0.5,2013-10-02 20:45:02,6.79311933434e+12,0.0,ElisabethB,0.0,1.6.3,0.0,old,8.26978216877e+12,0.0,
3,8,ASW0007e08,0.16456,SW07,200,3.94206440322e+13,7957,1.0,0.5,2013-09-01 10:55:33,3.56441044647e+13,0.0,c_cld,0.0,1.6.1,0.0,old,4.45177613861e+13,0.0,
3,12,ASW0007e08,0.16456,SW07,200,2.68368034353e+13,7959,1.2,0.5,2013-09-01 11:04:08,2.45903053789e+13,0.0,c_cld,0.0,1.6.1,0.0,old,2.91160874549e+13,0.0,
3,12,ASW0007e08,0.16456,SW07,200,2.76858621231e+13,7961,1.2,0.5,2013-09-01 11:22:52,2.56676213208e+13,0.0,c_cld,0.0,1.6.1,0.0,old,2.94413764664e+13,0.0,
5,12,ASW00024id,0.16456,SW45,200,6.16687767104e+12,YOWQIQUBK3,1.2,0.76,2015-04-28 12:32:05,5.80544766726e+12,3.69900282667e+12,c_cld,3.92929180389e+12,2.0.0,0.8,new,6.56680086157e+12,4.18410712513e+12,
5,12,ASW00096rm,0.16456,SW42,200,725111682456.0,PQZR2WYE7X,1.0,0.5,2015-07-15 12:56:37,674327779268.0,94923785325.6,L,102072534751.0,2.0.0,0.1,new,788633926974.0,111014435244.0,
5,11,ASW0008qsm,0.16456,SW29,200,1.63942934794e+12,5WQDNJC7A2,1.0,0.5,2015-04-26 14:03:02,1.46620422625e+12,1.67543819632e+12,c_cld,1.87338332582e+12,2.0.0,0.8,new,1.79926197977e+12,2.05602479663e+12,
-2,12,ASW0004dv8,0.0,SW01,400,1.34216934204e+12,7118,2.0,0.28,2013-08-21 12:44:51,1.25519143367e+12,1.25519143367e+12,c_cld,1.34216934204e+12,0.0.0,0.0,old,1.41909074454e+12,1.41909074454e+12,
5,8,ASW0000101,0.16456,----,200,1.55062537298e+14,EAVZH67N4M,1.11,0.38,2015-04-23 21:51:35,1.33123438021e+14,0.0,ad,0.0,2.0.0,0.0,new,1.7279422593e+14,0.0,
3,12,ASW0004dv8,0.16456,SW01,300,4.56581059692e+12,7990,1.0,0.5,2013-09-01 19:24:33,4.26161555792e+12,0.0,c_cld,0.0,1.6.1,0.0,old,4.81760527974e+12,0.0,
3,11,ASW0004dv8,0.16456,SW01,300,3.43430604339e+12,7991,1.0,0.4,2013-09-01 19:36:05,3.21435681128e+12,0.0,c_cld,0.0,1.6.1,0.0,old,3.65754969257e+12,0.0,
3,12,ASW0004dv8,0.16456,SW01,300,3.23373613889e+12,7993,1.0,0.4,2013-09-01 19:43:03,3.06540465263e+12,0.0,c_cld,0.0,1.6.1,0.0,old,3.40895474079e+12,0.0,
3,12,ASW0007e08,0.16456,SW07,200,3.73316485783e+13,8009,0.8,0.48,2013-09-02 13:55:00,3.39593751531e+13,3.39593751531e+13,c_cld,3.73316485783e+13,1.6.1,0.0,old,4.01151790093e+13,4.01151790093e+13,
5,8,ASW00008a0,0.16456,SW50,200,5.79346152553e+12,XPHGTJUNLN,1.0,0.5,2015-04-26 20:20:55,5.182373138e+12,0.0,ElisabethB,0.0,2.0.0,0.0,new,6.41025382023e+12,0.0,
5,12,ASW00004k0,0.16456,----,200,3.08822652074e+12,3YOBKRDJMX,1.0,0.5,2015-07-14 13:23:33,2.82804091529e+12,0.0,L,0.0,2.0.0,0.0,new,3.36095378272e+12,0.0,
5,12,ASW0001csb,0.16456,----,200,1.37786172674e+12,KJWV2A5VDP,0.9,0.29,2015-05-05 15:50:01,1.27532262162e+12,1.27532262162e+12,c_cld,1.37786172674e+12,2.0.0,0.0,new,1.48030570889e+12,1.48030570889e+12,
5,12,ASW0005ks6,0.16456,----,200,5.55203270088e+12,T6BCUCNIWC,1.4,0.7,2015-05-01 16:41:35,5.17198751611e+12,5.17198751611e+12,c_cld,5.55203270088e+12,2.0.0,0.0,new,5.94182958662e+12,5.94182958662e+12,
5,8,ASW0009cox,0.16456,----,200,2.49907453718e+12,67GLBVRIEU,1.0,0.5,2015-04-26 12:30:30,2.1574644233e+12,0.0,ElisabethB,0.0,2.0.0,0.0,new,2.76679861483e+12,0.0,
5,12,ASW0000h2m,0.16456,----,200,2.59408397007e+12,IHRULOMX6D,1.0,0.5,2015-07-06 17:11:42,2.47317179418e+12,0.0,psaha,0.0,2.0.0,0.0,new,2.74381893221e+12,0.0,
5,10,ASW00077jj,0.16456,----,200,2.14493012725e+12,W6H6BWAUF3,1.0,0.5,2015-04-30 14:16:32,1.9486373448e+12,0.0,c_cld,0.0,2.0.0,0.0,new,2.35526755447e+12,0.0,
5,12,ASW0009ah7,0.16456,----,200,4.81503235719e+12,UBIIDDDU5N,1.99,0.43,2015-05-16 17:19:12,4.48611152434e+12,4.48611152434e+12,c_cld,4.81503235719e+12,2.0.0,0.0,new,5.32863542025e+12,5.32863542025e+12,
5,11,ASW0008qab,0.16456,----,200,465807405162.0,5U7LIYDYHB,1.0,0.5,2015-07-21 20:26:28,413381706135.0,0.0,c_cld,0.0,2.0.0,0.0,new,507755008050.0,0.0,
3,11,ASW00024id,0.16456,SW45,200,3.22543355191e+12,8057,1.0,0.5,2013-09-03 08:55:49,2.98239058135e+12,3.40799119719e+12,c_cld,3.68571749816e+12,1.6.1,0.8,old,3.40316110461e+12,3.88880757592e+12,
3,12,ASW00024id,0.16456,SW45,200,2.91491570994e+12,8058,1.0,0.5,2013-09-03 09:01:58,2.71469765062e+12,3.10209727532e+12,c_cld,3.33088735665e+12,1.6.1,0.8,old,3.04812866161e+12,3.48311039862e+12,
5,12,ASW0000r8n,0.16456,----,200,1.26914831107e+12,XRGHZXNDPN,1.0,0.5,2015-07-14 15:46:58,1.18838545103e+12,0.0,L,0.0,2.0.0,0.0,new,1.36470188339e+12,0.0,
-1,8,ASW00024id,0.0,SW45,200,4.49496750541e+12,2026,1.0,0.5,2013-06-25 17:13:25,4.10552909696e+12,4.69140665537e+12,psaha,5.13641968489e+12,,0.8,old,5.07110330663e+12,5.79477266897e+12,
-1,12,ASW0002asp,0.0,SW09,200,2.06208640291e+12,3972,1.0,0.5,2013-07-26 16:15:10,1.94578897487e+12,3.02592795585e+12,psaha,3.20678397016e+12,,1.0,old,2.2258912119e+12,3.46151948221e+12,
5,8,ASW00085cp,0.16456,SW59,200,5.48846561168e+12,6IU7DLN5GK,1.0,0.5,2015-04-25 19:16:35,4.54535433269e+12,0.0,ElisabethB,0.0,2.0.0,0.0,new,6.49890322033e+12,0.0,
5,12,ASW0008swn,0.16456,SW06,200,1.1982289738e+12,BCY2NOUSLK,1.0,0.5,2015-07-16 13:40:56,1.13424528501e+12,765203517282.0,L,808369263141.0,2.0.0,0.5,new,1.26250168357e+12,851729993159.0,
5,12,ASW0005rnb,0.16456,SW17,200,988534720299.0,AAKHMTYTMS,1.0,0.5,2015-07-15 14:26:01,910177293766.0,885220611227.0,L,961429509740.0,2.0.0,0.7,new,1.07130449545e+12,1.04192977211e+12,
5,12,ASW0009ah7,0.16456,----,200,6.24356799185e+12,JCPVVYJCYG,1.5,0.43,2015-05-16 16:11:19,5.69292883942e+12,5.69292883942e+12,c_cld,6.24356799185e+12,2.0.0,0.0,new,6.72762859119e+12,6.72762859119e+12,
5,8,ASW000096t,0.16456,SW36,200,2.45844841668e+12,ZHRZSBEAN5,1.0,0.5,2015-04-25 18:22:35,2.17915213001e+12,1.17347528651e+12,ElisabethB,1.32387657585e+12,2.0.0,0.4,new,2.82545977527e+12,1.52151250647e+12,
5,8,ASW0009cp0,0.16456,SW38,200,3.14762472073e+12,374NZOJ7IM,1.0,0.5,2015-06-12 10:18:08,2.67921194176e+12,3.06154759542e+12,psaha,3.59680499509e+12,2.0.0,0.8,new,3.53990859421e+12,4.04506955037e+12,
5,12,ASW00071fc,0.16456,----,200,3.90146004873e+12,UVDXRIYHEE,1.0,0.33,2015-05-03 16:27:02,3.61816988442e+12,0.0,c_cld,0.0,2.0.0,0.0,new,4.21285447052e+12,0.0,
5,10,ASW00070vl,0.16456,SW53,200,5.7151595081e+12,BPAV4GVOPP,1.0,0.5,2015-04-26 16:26:45,5.04519732835e+12,2.71684307803e+12,Capella05,3.07761828505e+12,2.0.0,0.4,new,6.30091357353e+12,3.39304735046e+12,
5,12,ASW0004dv8,0.16456,SW01,200,5.11838050007e+12,EUTVAVV6XJ,1.0,0.5,2015-07-16 07:52:52,4.61590627399e+12,0.0,L,0.0,2.0.0,0.0,new,5.47401900614e+12,0.0,
5,10,ASW0002bmc,0.16456,SW10,200,1.06855595564e+12,JUNOJCOW64,1.0,0.5,2015-06-12 10:09:00,981243265303.0,1.12127111431e+12,psaha,1.22104372019e+12,2.0.0,0.8,new,1.17841175715e+12,1.3465764411e+12,
5,12,ASW0009cp0,0.16456,SW38,200,1.40645151922e+12,KKEBBJG3B6,1.0,0.5,2015-07-15 14:53:38,1.3235228342e+12,1.51239552472e+12,L,1.60715850792e+12,2.0.0,0.8,new,1.49012424626e+12,1.7027717113e+12,
5,10,ASW0001lb5,0.16456,----,200,2.0202016903e+12,PQWLHS63SD,0.7,0.3,2015-05-11 21:01:21,1.83852966855e+12,1.83852966855e+12,c_cld,2.0202016903e+12,2.0.0,0.0,new,2.19612399643e+12,2.19612399643e+12,
-1,8,ASW00024id,0.0,SW45,200,4.87454983167e+12,2030,1.0,0.5,2013-06-25 17:22:27,4.37374465558e+12,4.99789778649e+12,psaha,5.57017012475e+12,,0.8,old,5.52930783923e+12,6.31836505938e+12,
5,12,ASW0000r8n,0.16456,----,200,1.15264833746e+12,X5D3BBZSIT,1.0,0.5,2015-07-14 12:34:33,1.0633359152e+12,0.0,L,0.0,2.0.0,0.0,new,1.22257739598e+12,0.0,
5,10,ASW00070vl,0.16456,SW53,200,5.71283996923e+12,M36RZR4OC4,1.0,0.5,2015-04-25 08:40:07,5.14156461176e+12,2.7687369426e+12,Capella05,3.07636921138e+12,2.0.0,0.4,new,6.32454548152e+12,3.40577315313e+12,
